Reason Code,Reason Description,Asset Impact,Traffic,Due Date,Priority
EOMT,Routine material train logistics coordination for upcoming ballast supply.,Medium,Low,3,Moderate
STEL,Total loss of telecom connectivity on the section disrupting coordination; immediate restoration necessary.,High,Medium,-3,Critical
OTHR,Unclassified critical infrastructure issue reported requiring immediate attention.,Medium,High,-3,Critical
EOMT,Material train logistics reviewed as part of routine planning; no issues found.,Medium,Low,11,Normal
OTHR,Routine miscellaneous upkeep task as per maintenance calendar.,Low,High,9,Moderate
ETMW,Routine preventive check of track machine as per maintenance calendar; no anomalies reported.,Medium,Medium,14,Moderate
EOMT,Material train logistics reviewed as part of routine planning; no issues found.,Medium,High,3,Urgent
ETMW,Sudden track machine failure mid-operation has blocked the line unsafely; urgent intervention needed to restore safe passage.,High,Medium,-4,Critical
ETMR,Track geometry deviation beyond permissible limits found during inspection; urgent repair needed.,High,Low,2,Urgent
ETMR,Track geometry failure detected posing an immediate derailment risk; urgent repair required.,High,High,-3,Critical
TREP,Electrical switchgear fault reported affecting power reliability; urgent repair recommended.,High,Medium,2,Critical
ERRL,Critical rail defect identified during ultrasonic testing; immediate renewal necessary for safe operations.,High,High,-3,Critical
SSIG,Signal failure at the junction causing manual working; immediate rectification required to restore safe operations.,High,High,-1,Critical
ETMW,Sudden track machine failure mid-operation has blocked the line unsafely; urgent intervention needed to restore safe passage.,Medium,High,0,Critical
ETMW,Track machine calibration slightly off standard; can be addressed in the coming days.,Medium,Medium,3,Urgent
SREP,Standard signalling equipment check completed under regular maintenance.,Low,Low,6,Normal
TOHE,Standard OHE upkeep carried out under regular maintenance programme.,Medium,High,10,Moderate
TOHE,OHE component slightly below standard condition; can be addressed in the coming days.,Medium,High,7,Urgent
SREP,Signalling equipment check completed under the regular maintenance cycle.,Medium,Low,10,Normal
EOMT,Material train logistics reviewed as part of routine planning; no issues found.,Low,Medium,12,Normal
ETMW,Periodic track machine inspection completed as scheduled; equipment functioning normally.,Low,Low,9,Normal
ERRL,Scheduled rail replacement under normal asset renewal programme.,Low,Medium,10,Normal
OTHR,Urgent miscellaneous fault reported with significant safety implications; immediate action required.,High,Medium,-1,Critical
OTHR,Routine miscellaneous upkeep task as per maintenance calendar.,Low,Low,6,Normal
SSIG,Signal relay showing erratic behaviour affecting reliability; urgent maintenance recommended.,Medium,Medium,1,Urgent
ETMW,Routine preventive check of track machine as per maintenance calendar; no anomalies reported.,Medium,High,5,Urgent
OTHR,Standard general maintenance check completed with no issues found.,Medium,Low,10,Normal
EOMT,Material train derailment risk identified due to loose ballast on the approach; immediate clearance needed.,Medium,Medium,-2,Critical
TPWR,Routine traction power system inspection as per maintenance calendar.,Medium,Low,8,Moderate
ETMW,"Scheduled track machine servicing due; minor calibration drift observed, can be addressed in the coming days.",Medium,Medium,5,Urgent
ETMW,Track machine breakdown during possession has left the rail section unsafe for train movement; immediate rectification required.,Medium,Medium,-4,Critical
EOMT,Unsafe material train loading condition reported at the yard; immediate corrective action required.,High,Low,-2,Critical
SREP,Signalling equipment showing wear during inspection; can be addressed in the coming days.,Low,Low,2,Moderate
ETMR,Track surface slightly uneven per latest patrol; can be addressed in the coming days.,Medium,Medium,3,Urgent
STEL,Minor telecom connectivity issue observed during inspection; can be resolved within the week.,Low,High,1,Urgent
TPWR,Sudden traction power failure has halted electric train operations; immediate restoration required.,Medium,High,-4,Critical
TOHE,OHE component showing significant wear affecting current collection; urgent maintenance recommended.,High,Medium,1,Critical
OTHR,Unclassified infrastructure fault poses an immediate safety concern; urgent action required.,Medium,Low,0,Urgent
TREP,Electrical equipment showing minor performance dip; can be addressed in the coming days.,Medium,Medium,4,Urgent
ETMW,Periodic track machine inspection completed as scheduled; equipment functioning normally.,Medium,Low,8,Moderate
STEL,Minor telecom connectivity issue observed during inspection; can be resolved within the week.,Medium,High,5,Urgent
ERRL,Scheduled rail replacement under normal asset renewal programme.,Low,Low,9,Normal
ERRL,Rail crack found extending across the running surface; immediate replacement required to prevent failure.,High,High,-4,Critical
SSIG,Routine signal maintenance as per periodic inspection calendar.,Low,Low,12,Normal
TOHE,Routine OHE cleaning and inspection as per periodic schedule.,Medium,Low,13,Normal
ETMW,Track machine breakdown during possession has left the rail section unsafe for train movement; immediate rectification required.,High,Medium,-5,Critical
ETMW,Track machine calibration slightly off standard; can be addressed in the coming days.,Medium,Medium,1,Urgent
TREP,Major electrical fault detected in traction substation equipment; immediate repair required to prevent outage.,High,Medium,0,Critical
ETMW,Sudden track machine failure mid-operation has blocked the line unsafely; urgent intervention needed to restore safe passage.,High,Medium,-1,Critical
EOMT,Routine material train logistics coordination for upcoming ballast supply.,Low,Medium,12,Normal
ETMR,Track geometry deviation beyond permissible limits found during inspection; urgent repair needed.,Medium,Medium,2,Urgent
TPWR,"OHE wire snapped near the station yard, posing immediate electrocution and traffic hazard; urgent power block required.",Medium,Medium,-5,Critical
TPWR,Traction power interruption reported on the corridor causing service delays; needs urgent repair.,High,Low,2,Urgent
OTHR,Minor miscellaneous issue noted during inspection; can be addressed within the week.,Low,High,2,Urgent
ETMW,Track machine calibration slightly off standard; can be addressed in the coming days.,Low,Medium,7,Moderate
SREP,Signalling equipment check completed under the regular maintenance cycle.,Medium,Medium,12,Moderate
ETMR,Routine track patrol maintenance as per periodic schedule.,Medium,Low,12,Normal
OTHR,Unclassified infrastructure fault poses an immediate safety concern; urgent action required.,High,High,-2,Critical
ETMR,Track geometry failure detected posing an immediate derailment risk; urgent repair required.,High,Low,-3,Critical
SREP,Point machine failure at a critical junction affecting train safety; immediate repair required.,Medium,High,-3,Critical
OTHR,Urgent miscellaneous fault reported with significant safety implications; immediate action required.,Medium,Low,-3,Urgent
TOHE,OHE component showing early degradation signs; can be addressed in the coming days.,Medium,High,0,Urgent
ERRL,Rail crack found extending across the running surface; immediate replacement required to prevent failure.,High,Low,-1,Critical
TOHE,Standard OHE upkeep carried out under regular maintenance programme.,Medium,High,13,Moderate
ETMR,Track alignment fault found during inspection; urgent correction recommended.,Medium,High,2,Critical
EOMT,Unsafe material train loading condition reported at the yard; immediate corrective action required.,Medium,Low,-1,Urgent
ERRL,Rail condition monitored as slightly below standard; renewal can be addressed in the coming days.,Low,Low,0,Moderate
TOHE,OHE component showing significant wear affecting current collection; urgent maintenance recommended.,High,High,2,Critical
ETMR,Minor track geometry deviation noted during inspection; can be addressed in the coming days.,Medium,Medium,4,Urgent
SREP,Signalling equipment showing wear during inspection; can be addressed in the coming days.,Medium,Medium,4,Urgent
OTHR,Unclassified infrastructure fault poses an immediate safety concern; urgent action required.,Medium,Medium,0,Critical
SREP,Point machine failure at a critical junction affecting train safety; immediate repair required.,Medium,Medium,0,Critical
EOMT,Material train movement scheduling conflict with regular traffic; can be resolved in the coming days.,Medium,High,5,Urgent
ERRL,Severe rail fracture detected on the running line; immediate replacement required to prevent derailment.,Medium,High,-1,Critical
TREP,Electrical equipment servicing logged as completed under the regular schedule.,Low,High,4,Moderate
SSIG,Signal aspect malfunction posing safety risk to train movement; immediate correction required.,High,Low,-3,Critical
TPWR,Sudden traction power failure has halted electric train operations; immediate restoration required.,High,High,-2,Critical
SREP,Point machine failure at a critical junction affecting train safety; immediate repair required.,Medium,Low,0,Urgent
SREP,Signalling equipment condition slightly below standard; can be addressed in the coming days.,Medium,Low,1,Moderate
OTHR,General maintenance check completed under the regular schedule.,Low,Medium,14,Normal
ERRL,Rail wear pattern approaching the replacement limit; urgent renewal recommended.,High,Medium,2,Critical
ERRL,Scheduled rail replacement under normal asset renewal programme.,Medium,Medium,11,Moderate
OTHR,Standard general maintenance check completed with no issues found.,Medium,High,8,Moderate
EOMT,Material train logistics reviewed as part of routine planning; no issues found.,Low,Low,4,Normal
OTHR,Standard general maintenance check completed with no issues found.,Low,Low,3,Normal
SSIG,Standard signal equipment check completed with no issues found.,Low,Low,8,Normal
OTHR,General maintenance check completed under the regular schedule.,Low,Low,4,Normal
STEL,Minor telecom connectivity issue observed during inspection; can be resolved within the week.,Medium,High,6,Urgent
ERRL,Rail section nearing renewal threshold as per condition monitoring; can be addressed in the coming days.,Low,Medium,0,Moderate
TPWR,Traction power system fault has left the section without power supply; immediate restoration required.,High,Low,-2,Critical
SREP,Signalling equipment check completed under the regular maintenance cycle.,Low,High,9,Moderate
OTHR,Unclassified critical infrastructure issue reported requiring immediate attention.,Medium,High,-5,Critical
ERRL,Rail segment renewed as part of the standard asset lifecycle programme.,Low,Low,3,Normal
ETMR,Minor track geometry deviation noted during inspection; can be addressed in the coming days.,Medium,Medium,3,Urgent
TOHE,OHE insulator failure causing sparking incidents; immediate maintenance required to avoid service disruption.,High,Low,-4,Critical
TREP,Electrical equipment showing performance degradation; can be addressed in the coming days.,Low,Medium,4,Moderate
ETMR,Standard track upkeep carried out as part of regular maintenance cycle.,Low,Low,5,Normal
TREP,Routine electrical equipment servicing as per maintenance schedule.,Low,Low,14,Normal
ETMR,Track maintenance logged as completed under the regular upkeep cycle.,Low,Medium,11,Normal
ETMW,Track machine calibration slightly off standard; can be addressed in the coming days.,Medium,High,1,Urgent
EOMT,Material train unloading slightly behind schedule; can be resolved in the coming days.,Low,Medium,3,Moderate
TPWR,"OHE wire snapped near the station yard, posing immediate electrocution and traffic hazard; urgent power block required.",Medium,High,-4,Critical
ETMW,"Track machine fault occurred while occupying the running line, creating an unsafe condition for oncoming trains; immediate action required.",Medium,High,-4,Critical
SSIG,Routine signal maintenance as per periodic inspection calendar.,Medium,High,8,Moderate
OTHR,Standard general maintenance check completed with no issues found.,Medium,Medium,3,Moderate
STEL,Routine telecom equipment testing as per maintenance calendar.,Low,Low,8,Normal
TREP,Standard electrical equipment check completed under periodic maintenance.,Low,Medium,4,Moderate
ETMW,Sudden track machine failure mid-operation has blocked the line unsafely; urgent intervention needed to restore safe passage.,Medium,Low,-5,Urgent
OTHR,Routine miscellaneous upkeep task as per maintenance calendar.,Low,Low,9,Normal
ETMR,Minor track geometry deviation noted during inspection; can be addressed in the coming days.,Medium,High,6,Urgent
ETMW,Periodic track machine inspection completed as scheduled; equipment functioning normally.,Low,Medium,7,Moderate
TOHE,Routine OHE cleaning and inspection as per periodic schedule.,Low,Medium,14,Normal
STEL,Minor telecom connectivity issue observed during inspection; can be resolved within the week.,Low,High,5,Urgent
TPWR,Traction power system logged as normal during the latest periodic check.,Medium,Low,5,Moderate
TPWR,Routine traction power system inspection as per maintenance calendar.,Medium,Medium,7,Moderate
STEL,Telecom equipment condition slightly below standard; can be addressed in the coming days.,Medium,High,0,Urgent
ERRL,Routine rail renewal as part of periodic asset lifecycle replacement.,Medium,Medium,7,Moderate
ETMR,Track geometry deviation beyond permissible limits found during inspection; urgent repair needed.,High,Medium,2,Critical
ERRL,Moderate rail wear observed during routine inspection; renewal can be planned within the week.,Medium,Medium,2,Urgent
ETMR,Routine track patrol maintenance as per periodic schedule.,Low,High,11,Moderate
OTHR,General maintenance check completed under the regular schedule.,Medium,Low,14,Normal
ETMR,Track buckling reported due to extreme heat; immediate repair required for safe train passage.,Medium,Medium,0,Critical
STEL,Communication equipment fault causing intermittent signal loss; urgent repair recommended.,Medium,Low,2,Urgent
TREP,Critical electrical panel failure at the substation risking traction power outage; immediate repair needed.,High,Low,-1,Critical
TREP,Major electrical fault detected in traction substation equipment; immediate repair required to prevent outage.,High,Low,-4,Critical
TREP,Electrical equipment servicing logged as completed under the regular schedule.,Medium,Low,4,Moderate
TPWR,Routine traction power system inspection as per maintenance calendar.,Low,Low,6,Normal
OTHR,Routine miscellaneous upkeep task as per maintenance calendar.,Low,Medium,3,Moderate
TPWR,"OHE wire snapped near the station yard, posing immediate electrocution and traffic hazard; urgent power block required.",High,High,-3,Critical
TREP,Electrical equipment showing performance degradation; can be addressed in the coming days.,Medium,Medium,0,Urgent
TPWR,Scheduled traction power equipment check showing early wear signs; can be addressed in the coming days.,Medium,Medium,7,Moderate
EOMT,Standard material train scheduling update for periodic track renewal work.,Low,High,14,Moderate
OTHR,General maintenance item requiring attention in the coming days.,Medium,High,6,Urgent
ERRL,Moderate rail wear observed during routine inspection; renewal can be planned within the week.,Low,High,2,Urgent
TPWR,"OHE wire snapped near the station yard, posing immediate electrocution and traffic hazard; urgent power block required.",High,High,-5,Critical
STEL,Telecom equipment check completed under the regular maintenance schedule.,Low,Medium,10,Normal
ETMR,Track alignment fault found during inspection; urgent correction recommended.,Medium,Low,1,Urgent
EOMT,Material train logistics reviewed as part of routine planning; no issues found.,Low,Low,5,Normal
TREP,Electrical equipment servicing logged as completed under the regular schedule.,Low,Low,11,Normal
TPWR,Traction power parameters slightly outside normal range; can be corrected within the week.,Medium,Medium,0,Urgent
ERRL,Routine rail renewal as part of periodic asset lifecycle replacement.,Medium,Low,12,Normal
ETMR,Minor track geometry deviation noted during inspection; can be addressed in the coming days.,Low,High,5,Urgent
TPWR,Traction power parameters slightly outside normal range; can be corrected within the week.,Medium,High,3,Urgent
ETMW,Sudden track machine failure mid-operation has blocked the line unsafely; urgent intervention needed to restore safe passage.,Medium,Low,-2,Urgent
ERRL,Routine rail renewal as part of periodic asset lifecycle replacement.,Low,Medium,10,Normal
ETMR,Standard track upkeep carried out as part of regular maintenance cycle.,Low,Low,8,Normal
SREP,Signalling equipment check completed under the regular maintenance cycle.,Medium,Medium,11,Moderate
TOHE,OHE inspection completed as part of the regular maintenance programme.,Medium,Low,12,Normal
SSIG,Signal equipment showing minor irregularities during routine check; can be addressed in the coming days.,Medium,High,7,Urgent
ERRL,Scheduled rail replacement under normal asset renewal programme.,Medium,Low,12,Normal
ETMR,Track maintenance logged as completed under the regular upkeep cycle.,Medium,Low,10,Normal
TPWR,Traction power system logged as normal during the latest periodic check.,Low,Low,9,Normal
TPWR,Periodic traction power equipment check completed with no issues found.,Low,Low,10,Normal
OTHR,Standard general maintenance check completed with no issues found.,Low,High,14,Moderate
OTHR,Urgent miscellaneous fault reported with significant safety implications; immediate action required.,Medium,High,-5,Critical
EOMT,Standard material train scheduling update for periodic track renewal work.,Medium,Medium,10,Moderate
TOHE,OHE conductor damage found posing an immediate safety hazard; urgent maintenance required.,Medium,Low,-4,Urgent
OTHR,Minor miscellaneous issue noted during inspection; can be addressed within the week.,Low,Low,0,Moderate
EOMT,Material train logistics reviewed as part of routine planning; no issues found.,Low,Low,12,Normal
STEL,Telecom equipment performance degradation noted; can be addressed in the coming days.,Low,High,2,Urgent
ERRL,Rail crack found extending across the running surface; immediate replacement required to prevent failure.,High,High,-2,Critical
SSIG,Standard signal equipment check completed with no issues found.,Low,Low,14,Normal
STEL,Complete communication link failure between control office and field staff; immediate restoration required.,Medium,Low,-3,Urgent
ETMR,Severe track misalignment detected posing derailment risk; immediate correction needed.,Medium,High,-4,Critical
OTHR,Routine miscellaneous upkeep task as per maintenance calendar.,Medium,Low,14,Normal
OTHR,Routine miscellaneous upkeep task as per maintenance calendar.,Medium,Low,10,Normal
ERRL,Scheduled rail replacement under normal asset renewal programme.,Medium,Low,14,Normal
ETMW,Routine preventive check of track machine as per maintenance calendar; no anomalies reported.,Low,Low,7,Normal
SSIG,Signal equipment fault detected affecting reliability; urgent maintenance recommended.,Medium,Low,1,Urgent
EOMT,Material train logistics reviewed as part of routine planning; no issues found.,Low,Low,6,Normal
STEL,Telecom equipment condition slightly below standard; can be addressed in the coming days.,Low,Low,1,Moderate
ETMW,Periodic track machine inspection completed as scheduled; equipment functioning normally.,Low,Low,7,Normal
SSIG,Signal equipment showing minor irregularities during routine check; can be addressed in the coming days.,Medium,Medium,7,Moderate
ETMR,Track geometry failure detected posing an immediate derailment risk; urgent repair required.,Medium,Low,-2,Urgent
STEL,Routine telecom equipment testing as per maintenance calendar.,Medium,Medium,3,Moderate
TREP,Electrical equipment servicing logged as completed under the regular schedule.,Medium,High,3,Urgent
ETMW,Recurring track machine faults are affecting the maintenance schedule and need urgent correction.,High,High,1,Critical
TREP,Critical electrical panel failure at the substation risking traction power outage; immediate repair needed.,High,High,-4,Critical
ETMW,Routine preventive check of track machine as per maintenance calendar; no anomalies reported.,Medium,Low,12,Normal
TOHE,Minor OHE wear detected during inspection; maintenance can be planned within the week.,Low,High,4,Urgent
SSIG,Signal equipment check completed as part of the regular inspection cycle.,Low,Low,6,Normal
SSIG,Routine signal maintenance as per periodic inspection calendar.,Low,Low,5,Normal
SREP,Point machine failure at a critical junction affecting train safety; immediate repair required.,Medium,Medium,-3,Critical
SSIG,Signal system fault has disrupted safe train working; immediate rectification required.,Medium,High,0,Critical
EOMT,Standard material train scheduling update for periodic track renewal work.,Medium,Low,12,Normal
EOMT,Material train movement scheduling conflict with regular traffic; can be resolved in the coming days.,Medium,Medium,6,Moderate
OTHR,Routine miscellaneous upkeep task as per maintenance calendar.,Low,High,3,Moderate
ERRL,Rail crack found extending across the running surface; immediate replacement required to prevent failure.,High,Low,-3,Critical
TREP,Electrical equipment servicing logged as completed under the regular schedule.,Medium,Low,13,Normal
STEL,Standard telecom equipment check completed under periodic maintenance.,Low,Medium,6,Moderate
TREP,Routine electrical equipment servicing as per maintenance schedule.,Low,Low,9,Normal
SREP,Signalling equipment check completed under the regular maintenance cycle.,Low,Medium,12,Normal
ETMR,Track alignment fault found during inspection; urgent correction recommended.,High,Medium,1,Critical
OTHR,Routine miscellaneous upkeep task as per maintenance calendar.,Low,Low,8,Normal
OTHR,Unclassified maintenance issue is affecting normal operations; urgent attention recommended.,High,Medium,1,Critical
SSIG,Signal equipment check completed as part of the regular inspection cycle.,Low,High,6,Moderate
SSIG,Signal system fault has disrupted safe train working; immediate rectification required.,Medium,Low,-1,Urgent
ETMW,Track tamping machine malfunction causing irregular track geometry; requires urgent repair before next scheduled traffic.,High,Low,2,Urgent
STEL,Standard telecom equipment check completed under periodic maintenance.,Low,Low,12,Normal
OTHR,Unclassified critical infrastructure issue reported requiring immediate attention.,Medium,Medium,0,Critical
SSIG,Signal equipment condition slightly below standard; can be addressed in the coming days.,Low,High,1,Urgent
TPWR,"OHE wire snapped near the station yard, posing immediate electrocution and traffic hazard; urgent power block required.",Medium,Low,-1,Urgent
SREP,Signalling equipment check completed under the regular maintenance cycle.,Low,High,13,Moderate
STEL,Telecom equipment fault is disrupting coordination; urgent repair recommended.,Medium,Low,2,Urgent
TPWR,Traction power system logged as normal during the latest periodic check.,Low,Medium,13,Normal
TREP,Critical electrical panel failure at the substation risking traction power outage; immediate repair needed.,Medium,Medium,-2,Critical
TOHE,Standard OHE upkeep carried out under regular maintenance programme.,Medium,Low,12,Normal
SSIG,Slight signal timing deviation observed; can be corrected within the week.,Medium,Medium,3,Urgent
TOHE,OHE inspection completed as part of the regular maintenance programme.,Medium,Medium,9,Moderate
TOHE,OHE component showing early degradation signs; can be addressed in the coming days.,Medium,Low,3,Moderate
TOHE,OHE component slightly below standard condition; can be addressed in the coming days.,Low,High,1,Urgent
STEL,Telecom equipment fault is disrupting coordination; urgent repair recommended.,High,Low,2,Urgent
ETMW,Routine preventive check of track machine as per maintenance calendar; no anomalies reported.,Low,High,3,Moderate
SSIG,Standard signal equipment check completed with no issues found.,Low,Low,5,Normal
TOHE,OHE conductor damage found posing an immediate safety hazard; urgent maintenance required.,Medium,High,-1,Critical
STEL,Telecom system failure has cut off communication with the field; immediate restoration required.,High,High,-5,Critical
SSIG,Signal aspect malfunction posing safety risk to train movement; immediate correction required.,High,High,-2,Critical
TOHE,OHE component slightly below standard condition; can be addressed in the coming days.,Medium,High,3,Urgent
SREP,Signalling relay malfunction detected; urgent repair needed to avoid service impact.,Medium,Low,2,Urgent
TREP,Minor electrical fault noted during inspection; repair can be planned within the week.,Low,High,4,Urgent
TREP,Standard electrical equipment check completed under periodic maintenance.,Low,High,4,Moderate
ETMW,Periodic track machine inspection completed as scheduled; equipment functioning normally.,Medium,Low,11,Normal
SREP,Point machine failure at a critical junction affecting train safety; immediate repair required.,High,Low,-5,Critical
ERRL,Critical rail defect identified during ultrasonic testing; immediate renewal necessary for safe operations.,Medium,High,-5,Critical
EOMT,Material train movement scheduling conflict with regular traffic; can be resolved in the coming days.,Medium,High,7,Urgent
OTHR,Standard general maintenance check completed with no issues found.,Medium,High,10,Moderate
TOHE,OHE component showing significant wear affecting current collection; urgent maintenance recommended.,Medium,High,2,Critical
STEL,Total loss of telecom connectivity on the section disrupting coordination; immediate restoration necessary.,High,Low,-1,Critical
TPWR,Traction power equipment showing slight deviation from standard; can be addressed in the coming days.,Medium,High,4,Urgent
TREP,Electrical switchgear fault reported affecting power reliability; urgent repair recommended.,Medium,Low,1,Urgent
SREP,Signalling equipment showing wear during inspection; can be addressed in the coming days.,Medium,Medium,3,Urgent
TREP,Major electrical fault detected in traction substation equipment; immediate repair required to prevent outage.,Medium,High,-5,Critical
ETMW,Routine preventive check of track machine as per maintenance calendar; no anomalies reported.,Medium,Low,13,Normal
OTHR,Routine miscellaneous upkeep task as per maintenance calendar.,Medium,High,3,Urgent
TREP,Standard electrical equipment check completed under periodic maintenance.,Medium,High,4,Urgent
SREP,Routine signalling equipment upkeep as per periodic schedule.,Low,Medium,13,Normal
ERRL,Critical rail defect identified during ultrasonic testing; immediate renewal necessary for safe operations.,Medium,Medium,-1,Critical
TOHE,Routine OHE cleaning and inspection as per periodic schedule.,Medium,Low,11,Normal
TPWR,Sudden traction power failure has halted electric train operations; immediate restoration required.,High,High,0,Critical
ERRL,Severe rail fracture detected on the running line; immediate replacement required to prevent derailment.,High,High,-5,Critical
SREP,Point machine failure at a critical junction affecting train safety; immediate repair required.,High,Low,-1,Critical
SSIG,Signal system fault has disrupted safe train working; immediate rectification required.,High,High,0,Critical
ETMR,Standard track upkeep carried out as part of regular maintenance cycle.,Medium,High,8,Moderate
SREP,Minor signalling equipment fault noted; repair can be planned within the week.,Medium,Medium,5,Urgent
TOHE,OHE contact wire severely worn and at risk of snapping; immediate maintenance necessary.,High,Medium,-2,Critical
ETMR,Track geometry failure detected posing an immediate derailment risk; urgent repair required.,High,Medium,-2,Critical
SREP,Signalling equipment condition slightly below standard; can be addressed in the coming days.,Medium,Medium,0,Urgent
TPWR,Traction power parameters slightly outside normal range; can be corrected within the week.,Medium,High,4,Urgent
TPWR,Traction power equipment showing slight deviation from standard; can be addressed in the coming days.,Medium,High,6,Urgent
TPWR,"OHE wire snapped near the station yard, posing immediate electrocution and traffic hazard; urgent power block required.",High,Low,-5,Critical
ETMR,Routine track patrol maintenance as per periodic schedule.,Medium,Medium,4,Moderate
OTHR,Standard general maintenance check completed with no issues found.,Medium,High,3,Urgent
SREP,Signalling equipment check completed under the regular maintenance cycle.,Low,Medium,7,Moderate
EOMT,Material train derailment risk identified due to loose ballast on the approach; immediate clearance needed.,Medium,Medium,-1,Critical
STEL,Complete communication link failure between control office and field staff; immediate restoration required.,High,Medium,0,Critical
TOHE,OHE component slightly below standard condition; can be addressed in the coming days.,Medium,Low,3,Moderate
TPWR,Routine traction power system inspection as per maintenance calendar.,Low,Low,11,Normal
ETMR,Routine track patrol maintenance as per periodic schedule.,Medium,High,5,Urgent
TREP,Electrical equipment fault at the substation has caused a loss of supply; immediate repair required.,Medium,High,-4,Critical
TOHE,OHE component slightly below standard condition; can be addressed in the coming days.,Low,High,5,Urgent
TREP,Electrical equipment showing performance degradation; can be addressed in the coming days.,Low,Medium,2,Moderate
ETMW,"Track machine fault occurred while occupying the running line, creating an unsafe condition for oncoming trains; immediate action required.",Medium,Low,-1,Urgent
ETMW,Track machine calibration slightly off standard; can be addressed in the coming days.,Medium,High,3,Urgent
ETMW,"Track machine fault occurred while occupying the running line, creating an unsafe condition for oncoming trains; immediate action required.",High,High,-5,Critical
ETMW,Track tamping machine malfunction causing irregular track geometry; requires urgent repair before next scheduled traffic.,Medium,High,1,Critical
ETMR,Track surface slightly uneven per latest patrol; can be addressed in the coming days.,Medium,High,6,Urgent
SREP,Standard signalling equipment check completed under regular maintenance.,Low,Medium,13,Normal
ETMR,Track buckling reported due to extreme heat; immediate repair required for safe train passage.,High,Medium,-3,Critical
ERRL,Rail crack found extending across the running surface; immediate replacement required to prevent failure.,High,Medium,-2,Critical
SSIG,Routine signal maintenance as per periodic inspection calendar.,Low,Low,6,Normal
STEL,Telecom equipment condition slightly below standard; can be addressed in the coming days.,Low,Medium,0,Moderate
OTHR,General maintenance check completed under the regular schedule.,Medium,Low,6,Moderate
ETMR,Significant track misalignment detected affecting ride quality; urgent repair recommended.,High,High,2,Critical
EOMT,Material train movement obstruction reported affecting adjacent line clearance; requires urgent attention.,Medium,High,2,Critical
TPWR,Routine traction power system inspection as per maintenance calendar.,Low,Low,8,Normal
SREP,Point machine failure at a critical junction affecting train safety; immediate repair required.,Medium,Low,-4,Urgent
TREP,Electrical equipment fault at the substation has caused a loss of supply; immediate repair required.,High,Low,-4,Critical
SSIG,Signal equipment showing minor irregularities during routine check; can be addressed in the coming days.,Medium,High,2,Urgent
OTHR,Unclassified infrastructure fault poses an immediate safety concern; urgent action required.,Medium,Medium,-3,Critical
ETMW,Routine preventive check of track machine as per maintenance calendar; no anomalies reported.,Low,Low,8,Normal
ETMR,Severe track misalignment detected posing derailment risk; immediate correction needed.,Medium,Medium,-2,Critical
EOMT,"Material train loading operation delayed, blocking siding access; needs prompt resolution.",High,High,2,Critical
TREP,Electrical equipment showing minor performance dip; can be addressed in the coming days.,Low,High,4,Urgent
SREP,Signalling equipment condition slightly below standard; can be addressed in the coming days.,Medium,Medium,1,Urgent
TREP,Standard electrical equipment check completed under periodic maintenance.,Medium,Low,14,Normal
EOMT,Material train derailment risk identified due to loose ballast on the approach; immediate clearance needed.,High,Low,-1,Critical
TOHE,OHE component slightly below standard condition; can be addressed in the coming days.,Low,Medium,1,Moderate
SSIG,Signal failure at the junction causing manual working; immediate rectification required to restore safe operations.,Medium,Medium,0,Critical
TREP,Electrical equipment servicing logged as completed under the regular schedule.,Low,Low,13,Normal
TOHE,OHE component showing significant wear affecting current collection; urgent maintenance recommended.,Medium,High,1,Critical
EOMT,Material train stopped unsafely on the running line due to a mechanical issue; immediate clearance required.,High,Low,-4,Critical
SREP,Minor signalling equipment fault noted; repair can be planned within the week.,Medium,Low,5,Moderate
STEL,Total loss of telecom connectivity on the section disrupting coordination; immediate restoration necessary.,Medium,Medium,-2,Critical
ERRL,Rail segment renewed as part of the standard asset lifecycle programme.,Low,Low,11,Normal
SSIG,Signal equipment showing minor irregularities during routine check; can be addressed in the coming days.,Medium,Medium,3,Urgent
OTHR,Unclassified critical infrastructure issue reported requiring immediate attention.,High,Medium,-1,Critical
STEL,Telecom system failure has cut off communication with the field; immediate restoration required.,Medium,Low,-1,Urgent
STEL,Telecom equipment performance degradation noted; can be addressed in the coming days.,Medium,Low,6,Moderate
TPWR,Traction power system logged as normal during the latest periodic check.,Low,Medium,10,Normal
TPWR,Traction power system logged as normal during the latest periodic check.,Low,High,12,Moderate
OTHR,General maintenance item requiring attention in the coming days.,Medium,Medium,5,Urgent
SSIG,Signal failure at the junction causing manual working; immediate rectification required to restore safe operations.,High,Low,-5,Critical
ERRL,Routine rail renewal as part of periodic asset lifecycle replacement.,Medium,High,4,Urgent
ETMR,Track geometry deviation beyond permissible limits found during inspection; urgent repair needed.,High,Medium,1,Critical
ERRL,Rail wear pattern approaching the replacement limit; urgent renewal recommended.,High,Medium,1,Critical
ETMW,Track machine performance slightly below standard; servicing can be planned within the week.,Low,High,0,Urgent
STEL,Telecom system failure has cut off communication with the field; immediate restoration required.,High,Low,0,Critical
TOHE,OHE conductor damage found posing an immediate safety hazard; urgent maintenance required.,High,Low,-3,Critical
OTHR,General maintenance check completed under the regular schedule.,Low,Medium,4,Moderate
TPWR,Sudden traction power failure has halted electric train operations; immediate restoration required.,High,Medium,-1,Critical
ETMR,Slight track unevenness observed on routine patrol; repair can be planned within the week.,Medium,Low,2,Moderate
TREP,Electrical equipment servicing logged as completed under the regular schedule.,Medium,Medium,13,Moderate
EOMT,Material train derailment risk identified due to loose ballast on the approach; immediate clearance needed.,High,Low,-2,Critical
STEL,Communication equipment fault causing intermittent signal loss; urgent repair recommended.,High,High,2,Critical
STEL,Standard telecom equipment check completed under periodic maintenance.,Medium,Medium,5,Moderate
ETMW,"Scheduled track machine servicing due; minor calibration drift observed, can be addressed in the coming days.",Low,High,0,Urgent
TREP,Electrical equipment showing performance degradation; can be addressed in the coming days.,Medium,Low,7,Moderate
TREP,Electrical equipment fault at the substation has caused a loss of supply; immediate repair required.,Medium,High,0,Critical
SSIG,Slight signal timing deviation observed; can be corrected within the week.,Medium,High,3,Urgent
SSIG,Signal system fault has disrupted safe train working; immediate rectification required.,Medium,Low,-4,Urgent
ETMW,Sudden track machine failure mid-operation has blocked the line unsafely; urgent intervention needed to restore safe passage.,High,High,-3,Critical
OTHR,Routine miscellaneous upkeep task as per maintenance calendar.,Medium,Medium,3,Moderate
SREP,Standard signalling equipment check completed under regular maintenance.,Low,Low,5,Normal
STEL,Total loss of telecom connectivity on the section disrupting coordination; immediate restoration necessary.,High,Medium,-4,Critical
SSIG,Signal equipment check completed as part of the regular inspection cycle.,Medium,Low,12,Normal
ETMR,Standard track upkeep carried out as part of regular maintenance cycle.,Medium,High,4,Urgent
ERRL,Rail section nearing renewal threshold as per condition monitoring; can be addressed in the coming days.,Medium,High,5,Urgent
TREP,Major electrical fault detected in traction substation equipment; immediate repair required to prevent outage.,Medium,Low,-1,Urgent
EOMT,Material train movement obstruction reported affecting adjacent line clearance; requires urgent attention.,High,Low,1,Urgent
SREP,Signalling equipment failure detected at a key interlocking point; immediate repair necessary for safe operations.,Medium,High,0,Critical
TOHE,OHE component slightly below standard condition; can be addressed in the coming days.,Medium,Low,2,Moderate
STEL,Standard telecom equipment check completed under periodic maintenance.,Low,Medium,13,Normal
ETMW,Sudden track machine failure mid-operation has blocked the line unsafely; urgent intervention needed to restore safe passage.,Medium,Medium,0,Critical
ERRL,Critical rail defect identified during ultrasonic testing; immediate renewal necessary for safe operations.,Medium,Low,-1,Urgent
TREP,Minor electrical fault noted during inspection; repair can be planned within the week.,Medium,Medium,2,Urgent
SREP,Signalling equipment check completed under the regular maintenance cycle.,Low,Medium,11,Normal
TOHE,Standard OHE upkeep carried out under regular maintenance programme.,Low,Medium,14,Normal
EOMT,Routine material train logistics coordination for upcoming ballast supply.,Medium,Low,14,Normal
TREP,Routine electrical equipment servicing as per maintenance schedule.,Low,Medium,13,Normal
STEL,Routine telecom equipment testing as per maintenance calendar.,Medium,Low,6,Moderate
ETMW,Recurring track machine faults are affecting the maintenance schedule and need urgent correction.,Medium,High,1,Critical
TREP,Electrical equipment fault at the substation has caused a loss of supply; immediate repair required.,Medium,Medium,-4,Critical
TOHE,Minor OHE wear detected during inspection; maintenance can be planned within the week.,Low,Medium,1,Moderate
TPWR,Routine traction power system inspection as per maintenance calendar.,Medium,Low,11,Normal
TOHE,OHE component showing significant wear affecting current collection; urgent maintenance recommended.,Medium,Low,1,Urgent
SSIG,Signal system fault has disrupted safe train working; immediate rectification required.,High,Medium,-2,Critical
SREP,Signalling equipment fault at a key location is affecting safe train working; immediate repair required.,High,High,0,Critical
SREP,Signalling relay malfunction detected; urgent repair needed to avoid service impact.,High,High,2,Critical
STEL,Telecom equipment condition slightly below standard; can be addressed in the coming days.,Medium,Medium,5,Urgent
ETMW,Track machine logged as functioning normally during the latest periodic check.,Medium,Medium,8,Moderate
STEL,Telecom equipment check completed under the regular maintenance schedule.,Low,Low,7,Normal
TREP,Major electrical fault detected in traction substation equipment; immediate repair required to prevent outage.,Medium,Medium,0,Critical
EOMT,Standard material train scheduling update for periodic track renewal work.,Medium,Low,13,Normal
SSIG,Signal equipment condition slightly below standard; can be addressed in the coming days.,Medium,Medium,1,Urgent
EOMT,Material train logistics reviewed as part of routine planning; no issues found.,Low,Low,11,Normal
TOHE,Standard OHE upkeep carried out under regular maintenance programme.,Low,Medium,11,Normal
OTHR,General maintenance check completed under the regular schedule.,Low,Low,14,Normal
ETMR,Minor track geometry deviation noted during inspection; can be addressed in the coming days.,Medium,High,7,Urgent
STEL,Telecom equipment check completed under the regular maintenance schedule.,Low,Low,12,Normal
ERRL,Routine rail renewal as part of periodic asset lifecycle replacement.,Low,Low,10,Normal
SSIG,Standard signal equipment check completed with no issues found.,Low,Medium,13,Normal
SSIG,Signal equipment condition slightly below standard; can be addressed in the coming days.,Low,Medium,6,Moderate
TOHE,OHE component showing early degradation signs; can be addressed in the coming days.,Medium,Medium,2,Urgent
EOMT,Routine material train logistics coordination for upcoming ballast supply.,Low,Low,13,Normal
STEL,Standard telecom equipment check completed under periodic maintenance.,Low,Medium,11,Normal
ERRL,Rail wear pattern approaching the replacement limit; urgent renewal recommended.,High,High,1,Critical
TOHE,OHE component slightly below standard condition; can be addressed in the coming days.,Medium,Low,4,Moderate
ETMR,Standard track upkeep carried out as part of regular maintenance cycle.,Medium,Medium,13,Moderate
TOHE,Minor OHE wear detected during inspection; maintenance can be planned within the week.,Medium,Medium,7,Moderate
EOMT,Standard material train scheduling update for periodic track renewal work.,Low,Medium,13,Normal
SSIG,Signal aspect malfunction posing safety risk to train movement; immediate correction required.,High,Medium,0,Critical
ERRL,Rail segment renewed as part of the standard asset lifecycle programme.,Medium,Medium,7,Moderate
TREP,Major electrical fault detected in traction substation equipment; immediate repair required to prevent outage.,Medium,High,-1,Critical
TOHE,Minor OHE wear detected during inspection; maintenance can be planned within the week.,Low,Medium,7,Moderate
OTHR,Standard general maintenance check completed with no issues found.,Low,High,10,Moderate
TOHE,OHE contact wire severely worn and at risk of snapping; immediate maintenance necessary.,High,High,0,Critical
ERRL,Routine rail renewal as part of periodic asset lifecycle replacement.,Low,High,6,Moderate
TREP,Standard electrical equipment check completed under periodic maintenance.,Low,Low,7,Normal
OTHR,Standard general maintenance check completed with no issues found.,Medium,High,12,Moderate
TPWR,Traction power system logged as normal during the latest periodic check.,Low,High,13,Moderate
ERRL,Routine rail renewal as part of periodic asset lifecycle replacement.,Medium,Low,6,Moderate
SSIG,Routine signal maintenance as per periodic inspection calendar.,Medium,Low,11,Normal
SSIG,Slight signal timing deviation observed; can be corrected within the week.,Low,Low,3,Moderate
TPWR,Traction power system fault has left the section without power supply; immediate restoration required.,High,High,-1,Critical
TOHE,Standard OHE upkeep carried out under regular maintenance programme.,Low,Low,10,Normal
SSIG,Signal equipment fault detected affecting reliability; urgent maintenance recommended.,Medium,High,1,Critical
EOMT,Material train logistics reviewed as part of routine planning; no issues found.,Low,Medium,14,Normal
EOMT,Routine material train logistics coordination for upcoming ballast supply.,Low,Medium,10,Normal
TPWR,Traction power system fault has left the section without power supply; immediate restoration required.,Medium,High,-4,Critical
ETMR,Standard track upkeep carried out as part of regular maintenance cycle.,Medium,High,3,Urgent
TOHE,Routine OHE cleaning and inspection as per periodic schedule.,Low,High,5,Moderate
EOMT,Routine material train logistics coordination for upcoming ballast supply.,Low,Low,11,Normal
SREP,Signalling equipment showing wear during inspection; can be addressed in the coming days.,Low,Medium,4,Moderate
SREP,Signalling equipment check completed under the regular maintenance cycle.,Low,Medium,10,Normal
TOHE,Routine OHE cleaning and inspection as per periodic schedule.,Low,Medium,10,Normal
OTHR,Routine miscellaneous upkeep task as per maintenance calendar.,Low,Low,11,Normal
TREP,Electrical equipment showing performance degradation; can be addressed in the coming days.,Medium,High,1,Urgent
TREP,Minor electrical fault noted during inspection; repair can be planned within the week.,Medium,Medium,3,Urgent
EOMT,Material train movement scheduling conflict with regular traffic; can be resolved in the coming days.,Low,Low,1,Moderate
ERRL,Rail corrugation exceeding safe limits detected on the section; replacement recommended urgently.,Medium,Low,1,Urgent
SSIG,Signal aspect malfunction posing safety risk to train movement; immediate correction required.,High,High,-1,Critical
OTHR,General maintenance item requiring attention in the coming days.,Low,High,0,Urgent
ETMW,Track machine logged as functioning normally during the latest periodic check.,Medium,Low,10,Normal
ETMR,Track maintenance logged as completed under the regular upkeep cycle.,Medium,Low,14,Normal
ETMR,Routine track patrol maintenance as per periodic schedule.,Low,Low,4,Normal
ETMR,Track geometry failure detected posing an immediate derailment risk; urgent repair required.,High,High,-4,Critical
TREP,Critical electrical panel failure at the substation risking traction power outage; immediate repair needed.,High,Low,-2,Critical
TREP,Routine electrical equipment servicing as per maintenance schedule.,Medium,Low,3,Moderate
ETMW,Track machine calibration slightly off standard; can be addressed in the coming days.,Medium,High,6,Urgent
OTHR,Routine miscellaneous upkeep task as per maintenance calendar.,Low,Medium,7,Moderate
ETMW,Track machine breakdown during possession has left the rail section unsafe for train movement; immediate rectification required.,High,High,0,Critical
ETMW,Sudden track machine failure mid-operation has blocked the line unsafely; urgent intervention needed to restore safe passage.,Medium,Medium,-5,Critical
ETMR,Track surface slightly uneven per latest patrol; can be addressed in the coming days.,Medium,Medium,5,Urgent
ETMR,Slight track unevenness observed on routine patrol; repair can be planned within the week.,Medium,Low,1,Moderate
ETMW,"Scheduled track machine servicing due; minor calibration drift observed, can be addressed in the coming days.",Low,Medium,2,Moderate
STEL,Standard telecom equipment check completed under periodic maintenance.,Low,Medium,7,Moderate
TPWR,Routine traction power system inspection as per maintenance calendar.,Low,High,14,Moderate
TOHE,OHE component slightly below standard condition; can be addressed in the coming days.,Low,High,6,Moderate
OTHR,Urgent miscellaneous fault reported with significant safety implications; immediate action required.,Medium,Medium,-3,Critical
OTHR,Routine miscellaneous upkeep task as per maintenance calendar.,Medium,High,5,Urgent
ERRL,Moderate rail wear observed during routine inspection; renewal can be planned within the week.,Medium,High,7,Urgent
TOHE,OHE inspection completed as part of the regular maintenance programme.,Medium,High,12,Moderate
TPWR,Scheduled traction power equipment check showing early wear signs; can be addressed in the coming days.,Low,Medium,4,Moderate
SSIG,Signal equipment check completed as part of the regular inspection cycle.,Low,High,10,Moderate
SREP,Routine signalling equipment upkeep as per periodic schedule.,Low,Low,7,Normal
ETMR,Track maintenance logged as completed under the regular upkeep cycle.,Low,Low,12,Normal
SREP,Routine signalling equipment upkeep as per periodic schedule.,Low,High,6,Moderate
TOHE,OHE conductor damage found posing an immediate safety hazard; urgent maintenance required.,Medium,Low,0,Urgent
TREP,Electrical equipment showing performance degradation; can be addressed in the coming days.,Medium,High,6,Urgent
OTHR,General maintenance item requiring attention in the coming days.,Medium,High,7,Urgent
TREP,Minor electrical fault noted during inspection; repair can be planned within the week.,Low,Low,7,Moderate
ETMW,Track machine logged as functioning normally during the latest periodic check.,Low,Low,4,Normal
TREP,Electrical equipment showing performance degradation; can be addressed in the coming days.,Low,Low,4,Moderate
ETMR,Routine track patrol maintenance as per periodic schedule.,Low,Medium,11,Normal
SREP,Minor signalling equipment fault noted; repair can be planned within the week.,Medium,Medium,1,Urgent
ETMR,Minor track geometry deviation noted during inspection; can be addressed in the coming days.,Medium,Medium,2,Urgent
SSIG,Standard signal equipment check completed with no issues found.,Medium,High,5,Urgent
TPWR,Traction power system fault has left the section without power supply; immediate restoration required.,Medium,Low,-1,Urgent
STEL,Minor telecom connectivity issue observed during inspection; can be resolved within the week.,Low,Medium,4,Moderate
TPWR,Traction power supply fluctuation affecting multiple sections; requires urgent attention.,High,Medium,2,Critical
ETMW,Track machine logged as functioning normally during the latest periodic check.,Low,High,7,Moderate
TREP,Electrical equipment servicing logged as completed under the regular schedule.,Medium,Low,9,Moderate
TPWR,Traction power system logged as normal during the latest periodic check.,Low,Low,10,Normal
ETMW,Track machine breakdown during possession has left the rail section unsafe for train movement; immediate rectification required.,Medium,High,-5,Critical
TOHE,Routine OHE cleaning and inspection as per periodic schedule.,Medium,Medium,5,Moderate
TOHE,Standard OHE upkeep carried out under regular maintenance programme.,Low,Low,14,Normal
SSIG,Signal system fault has disrupted safe train working; immediate rectification required.,High,Low,-5,Critical
TREP,Electrical equipment fault at the substation has caused a loss of supply; immediate repair required.,Medium,Low,-4,Urgent
TREP,Major electrical fault detected in traction substation equipment; immediate repair required to prevent outage.,High,High,-3,Critical
TPWR,Traction power system logged as normal during the latest periodic check.,Low,Medium,14,Normal
SSIG,Routine signal maintenance as per periodic inspection calendar.,Low,Low,4,Normal
ETMW,Routine preventive check of track machine as per maintenance calendar; no anomalies reported.,Low,Low,14,Normal
TOHE,OHE insulator failure causing sparking incidents; immediate maintenance required to avoid service disruption.,Medium,Low,-1,Urgent
STEL,Standard telecom equipment check completed under periodic maintenance.,Low,Medium,14,Normal
TOHE,Routine OHE cleaning and inspection as per periodic schedule.,Low,High,7,Moderate
ETMR,Track alignment fault found during inspection; urgent correction recommended.,Medium,Medium,1,Urgent
TOHE,OHE insulator failure causing sparking incidents; immediate maintenance required to avoid service disruption.,Medium,Medium,0,Critical
STEL,Total loss of telecom connectivity on the section disrupting coordination; immediate restoration necessary.,Medium,High,-3,Critical
ERRL,Scheduled rail replacement under normal asset renewal programme.,Medium,Low,11,Normal
SSIG,Slight signal timing deviation observed; can be corrected within the week.,Medium,High,7,Urgent
TPWR,Periodic traction power equipment check completed with no issues found.,Low,Low,9,Normal
ETMW,Track machine breakdown during possession has left the rail section unsafe for train movement; immediate rectification required.,High,High,-1,Critical
SSIG,Signal system fault has disrupted safe train working; immediate rectification required.,High,High,-5,Critical
TOHE,OHE contact wire severely worn and at risk of snapping; immediate maintenance necessary.,Medium,Medium,-3,Critical
SSIG,Routine signal maintenance as per periodic inspection calendar.,Low,Low,13,Normal
ERRL,Severe rail fracture detected on the running line; immediate replacement required to prevent derailment.,Medium,Medium,-1,Critical
STEL,Telecom equipment check completed under the regular maintenance schedule.,Low,Low,5,Normal
ERRL,Severe rail fracture detected on the running line; immediate replacement required to prevent derailment.,Medium,Low,-4,Urgent
ETMW,"Track machine fault occurred while occupying the running line, creating an unsafe condition for oncoming trains; immediate action required.",High,Low,-1,Critical
TOHE,Minor OHE wear detected during inspection; maintenance can be planned within the week.,Low,Low,6,Moderate
ETMW,"Track machine fault occurred while occupying the running line, creating an unsafe condition for oncoming trains; immediate action required.",High,Medium,0,Critical
ERRL,Severe rail fracture detected on the running line; immediate replacement required to prevent derailment.,Medium,High,-2,Critical
ETMW,Routine preventive check of track machine as per maintenance calendar; no anomalies reported.,Low,Low,12,Normal
TOHE,Standard OHE upkeep carried out under regular maintenance programme.,Medium,Low,11,Normal
ERRL,Rail section nearing renewal threshold as per condition monitoring; can be addressed in the coming days.,Low,Low,0,Moderate
TOHE,OHE component showing significant wear affecting current collection; urgent maintenance recommended.,High,Medium,2,Critical
SREP,Signalling equipment showing wear during inspection; can be addressed in the coming days.,Medium,High,5,Urgent
EOMT,Material train movement scheduling conflict with regular traffic; can be resolved in the coming days.,Low,High,2,Urgent
SSIG,Routine signal maintenance as per periodic inspection calendar.,Low,Medium,5,Moderate
SREP,Signalling equipment showing wear during inspection; can be addressed in the coming days.,Medium,Medium,1,Urgent
ERRL,Scheduled rail replacement under normal asset renewal programme.,Low,Medium,7,Moderate
EOMT,Material train derailment risk identified due to loose ballast on the approach; immediate clearance needed.,Medium,Medium,0,Critical
STEL,Routine telecom equipment testing as per maintenance calendar.,Medium,Medium,8,Moderate
SSIG,Signal equipment check completed as part of the regular inspection cycle.,Low,Low,12,Normal
SSIG,Signal aspect malfunction posing safety risk to train movement; immediate correction required.,Medium,High,0,Critical
TPWR,Routine traction power system inspection as per maintenance calendar.,Medium,Low,12,Normal
ETMW,"Track machine fault occurred while occupying the running line, creating an unsafe condition for oncoming trains; immediate action required.",High,Medium,-2,Critical
SSIG,Routine signal maintenance as per periodic inspection calendar.,Medium,Medium,13,Moderate
SREP,Signalling equipment condition slightly below standard; can be addressed in the coming days.,Medium,Medium,3,Urgent
ERRL,Routine rail renewal as part of periodic asset lifecycle replacement.,Low,Low,12,Normal
ETMR,Standard track upkeep carried out as part of regular maintenance cycle.,Medium,High,13,Moderate
TPWR,Sudden traction power failure has halted electric train operations; immediate restoration required.,Medium,High,-2,Critical
TPWR,Traction power system fault has left the section without power supply; immediate restoration required.,Medium,Low,-2,Urgent
OTHR,General maintenance check completed under the regular schedule.,Low,Medium,11,Normal
EOMT,Material train unloading slightly behind schedule; can be resolved in the coming days.,Medium,Medium,3,Urgent
ERRL,Scheduled rail replacement under normal asset renewal programme.,Low,Medium,14,Normal
OTHR,Standard general maintenance check completed with no issues found.,Medium,Medium,8,Moderate
EOMT,Material train derailment risk identified due to loose ballast on the approach; immediate clearance needed.,Medium,Low,-5,Urgent
ETMW,Sudden track machine failure mid-operation has blocked the line unsafely; urgent intervention needed to restore safe passage.,High,Medium,0,Critical
EOMT,Material train movement obstruction reported affecting adjacent line clearance; requires urgent attention.,High,Medium,2,Critical
OTHR,General maintenance check completed under the regular schedule.,Low,Medium,13,Normal
ERRL,Scheduled rail replacement under normal asset renewal programme.,Low,High,8,Moderate
EOMT,Minor delay in material train unloading noted; can be adjusted within the week.,Low,Medium,3,Moderate
ERRL,Critical rail defect identified during ultrasonic testing; immediate renewal necessary for safe operations.,Medium,Low,-4,Urgent
ETMW,Track machine showing repeated operational faults affecting maintenance output; needs prompt repair.,High,High,1,Critical
TOHE,OHE inspection completed as part of the regular maintenance programme.,Medium,High,8,Moderate
TPWR,Scheduled traction power equipment check showing early wear signs; can be addressed in the coming days.,Low,High,4,Urgent
TREP,Electrical equipment showing performance degradation; can be addressed in the coming days.,Medium,High,5,Urgent
EOMT,Material train movement scheduling conflict with regular traffic; can be resolved in the coming days.,Medium,Low,2,Moderate
SSIG,Slight signal timing deviation observed; can be corrected within the week.,Low,Low,6,Moderate
STEL,Telecom system failure has cut off communication with the field; immediate restoration required.,Medium,Medium,-3,Critical
TPWR,Routine traction power system inspection as per maintenance calendar.,Low,Low,13,Normal
TREP,Critical electrical panel failure at the substation risking traction power outage; immediate repair needed.,Medium,High,-3,Critical
EOMT,Standard material train scheduling update for periodic track renewal work.,Medium,High,13,Moderate
ERRL,Rail section nearing renewal threshold as per condition monitoring; can be addressed in the coming days.,Low,Low,7,Moderate
EOMT,Material train logistics reviewed as part of routine planning; no issues found.,Medium,Low,14,Normal
STEL,Telecom equipment condition slightly below standard; can be addressed in the coming days.,Medium,Medium,0,Urgent
ERRL,Rail segment renewed as part of the standard asset lifecycle programme.,Low,High,3,Moderate
ETMW,Periodic track machine inspection completed as scheduled; equipment functioning normally.,Medium,High,3,Urgent
ETMR,Standard track upkeep carried out as part of regular maintenance cycle.,Medium,High,14,Moderate
ETMW,Track machine performance slightly below standard; servicing can be planned within the week.,Medium,High,7,Urgent
ERRL,Severe rail fracture detected on the running line; immediate replacement required to prevent derailment.,High,High,0,Critical
ERRL,Rail segment renewed as part of the standard asset lifecycle programme.,Low,Low,13,Normal
SSIG,Signal aspect malfunction posing safety risk to train movement; immediate correction required.,High,Low,-2,Critical
OTHR,General maintenance item found slightly below standard; can be addressed in the coming days.,Low,High,1,Urgent
SSIG,Routine signal maintenance as per periodic inspection calendar.,Medium,High,9,Moderate
ETMW,"Scheduled track machine servicing due; minor calibration drift observed, can be addressed in the coming days.",Low,Medium,1,Moderate
TPWR,Routine traction power system inspection as per maintenance calendar.,Low,Low,7,Normal
ETMW,Routine preventive check of track machine as per maintenance calendar; no anomalies reported.,Medium,Low,14,Normal
SSIG,Standard signal equipment check completed with no issues found.,Low,Low,7,Normal
STEL,Complete communication link failure between control office and field staff; immediate restoration required.,High,Medium,-4,Critical
TREP,Electrical equipment fault at the substation has caused a loss of supply; immediate repair required.,High,Medium,0,Critical
ERRL,Rail segment renewed as part of the standard asset lifecycle programme.,Low,Medium,4,Moderate
SSIG,Signal relay showing erratic behaviour affecting reliability; urgent maintenance recommended.,High,Low,2,Urgent
SREP,Point machine failure at a critical junction affecting train safety; immediate repair required.,Medium,High,-4,Critical
ERRL,Scheduled rail replacement under normal asset renewal programme.,Low,Low,7,Normal
SREP,Signalling equipment fault detected affecting reliability; urgent repair recommended.,High,Medium,2,Critical
EOMT,Material train unloading slightly behind schedule; can be resolved in the coming days.,Low,High,1,Urgent
SREP,Standard signalling equipment check completed under regular maintenance.,Medium,High,3,Urgent
EOMT,Material train derailment risk identified due to loose ballast on the approach; immediate clearance needed.,Medium,Medium,-5,Critical
SREP,Standard signalling equipment check completed under regular maintenance.,Low,Low,4,Normal
TREP,Electrical equipment servicing logged as completed under the regular schedule.,Low,Low,12,Normal
TOHE,Routine OHE cleaning and inspection as per periodic schedule.,Medium,Medium,9,Moderate
ERRL,Routine rail renewal as part of periodic asset lifecycle replacement.,Medium,High,3,Urgent
SREP,Signalling equipment fault at a key location is affecting safe train working; immediate repair required.,High,High,-3,Critical
ERRL,Rail condition monitored as slightly below standard; renewal can be addressed in the coming days.,Low,High,0,Urgent
TREP,Routine electrical equipment servicing as per maintenance schedule.,Low,High,7,Moderate
OTHR,General maintenance item found slightly below standard; can be addressed in the coming days.,Low,High,2,Urgent
OTHR,Standard general maintenance check completed with no issues found.,Medium,Low,14,Normal
TREP,Standard electrical equipment check completed under periodic maintenance.,Medium,High,7,Moderate
TOHE,OHE contact wire severely worn and at risk of snapping; immediate maintenance necessary.,High,High,-2,Critical
TOHE,Minor OHE wear detected during inspection; maintenance can be planned within the week.,Low,High,1,Urgent
ETMW,Track machine breakdown during possession has left the rail section unsafe for train movement; immediate rectification required.,High,Medium,0,Critical
STEL,Standard telecom equipment check completed under periodic maintenance.,Medium,Low,13,Normal
TREP,Electrical equipment showing minor performance dip; can be addressed in the coming days.,Medium,Medium,3,Urgent
SSIG,Signal equipment check completed as part of the regular inspection cycle.,Low,Low,14,Normal
SSIG,Slight signal timing deviation observed; can be corrected within the week.,Medium,Medium,1,Urgent
EOMT,Material train logistics reviewed as part of routine planning; no issues found.,Low,Medium,11,Normal
ETMW,Track machine logged as functioning normally during the latest periodic check.,Medium,High,6,Moderate
TPWR,Traction power readings fluctuating beyond normal range; urgent correction needed.,Medium,Low,2,Urgent
ERRL,Routine rail renewal as part of periodic asset lifecycle replacement.,Low,Low,11,Normal
TREP,Electrical equipment servicing logged as completed under the regular schedule.,Low,Medium,14,Normal
STEL,Complete communication link failure between control office and field staff; immediate restoration required.,High,High,-3,Critical
SSIG,Standard signal equipment check completed with no issues found.,Medium,Medium,12,Moderate
OTHR,Routine miscellaneous upkeep task as per maintenance calendar.,Low,Low,14,Normal
ERRL,Scheduled rail replacement under normal asset renewal programme.,Low,Medium,13,Normal
TPWR,Periodic traction power equipment check completed with no issues found.,Low,Low,13,Normal
ETMR,Routine track patrol maintenance as per periodic schedule.,Medium,Medium,9,Moderate
ETMW,Periodic track machine inspection completed as scheduled; equipment functioning normally.,Low,Low,13,Normal
EOMT,Material train derailment risk identified due to loose ballast on the approach; immediate clearance needed.,Medium,Low,0,Urgent
SREP,Minor signalling equipment fault noted; repair can be planned within the week.,Medium,High,0,Urgent
SREP,Signalling equipment showing wear during inspection; can be addressed in the coming days.,Low,Low,6,Moderate
TREP,Electrical equipment servicing logged as completed under the regular schedule.,Medium,High,8,Moderate
SREP,Signalling equipment showing intermittent faults affecting reliability; urgent repair recommended.,High,Low,1,Urgent
ETMR,Standard track upkeep carried out as part of regular maintenance cycle.,Medium,Medium,4,Moderate
ERRL,Routine rail renewal as part of periodic asset lifecycle replacement.,Medium,Low,10,Normal
STEL,Telecom equipment condition slightly below standard; can be addressed in the coming days.,Low,Low,5,Moderate
OTHR,Unclassified infrastructure fault poses an immediate safety concern; urgent action required.,High,Low,-4,Critical
ETMW,"Scheduled track machine servicing due; minor calibration drift observed, can be addressed in the coming days.",Low,Low,4,Moderate
ERRL,Moderate rail wear observed during routine inspection; renewal can be planned within the week.,Medium,High,3,Urgent
TREP,Standard electrical equipment check completed under periodic maintenance.,Medium,Low,13,Normal
ERRL,Routine rail renewal as part of periodic asset lifecycle replacement.,Low,Medium,13,Normal
ERRL,Rail crack found extending across the running surface; immediate replacement required to prevent failure.,High,Low,-5,Critical
ETMR,Minor track geometry deviation noted during inspection; can be addressed in the coming days.,Medium,Medium,0,Urgent
TOHE,OHE component showing early degradation signs; can be addressed in the coming days.,Low,Medium,1,Moderate
TREP,Electrical equipment showing performance degradation; can be addressed in the coming days.,Low,High,5,Urgent
TPWR,Traction power equipment showing slight deviation from standard; can be addressed in the coming days.,Medium,Low,5,Moderate
SREP,Signalling equipment failure detected at a key interlocking point; immediate repair necessary for safe operations.,Medium,Medium,-1,Critical
ETMW,Track machine logged as functioning normally during the latest periodic check.,Medium,Medium,12,Moderate
ETMR,Significant track misalignment detected affecting ride quality; urgent repair recommended.,High,Low,1,Urgent
TPWR,Periodic traction power equipment check completed with no issues found.,Low,Low,4,Normal
OTHR,General maintenance item requiring attention in the coming days.,Medium,High,4,Urgent
STEL,Telecom equipment condition slightly below standard; can be addressed in the coming days.,Low,Low,3,Moderate
SSIG,Signal equipment condition slightly below standard; can be addressed in the coming days.,Medium,High,2,Urgent
OTHR,Miscellaneous maintenance issue with significant operational impact identified.,Medium,Low,1,Urgent
TOHE,Routine OHE cleaning and inspection as per periodic schedule.,Medium,High,12,Moderate
TPWR,Routine traction power system inspection as per maintenance calendar.,Low,Low,9,Normal
ETMW,"Track machine fault occurred while occupying the running line, creating an unsafe condition for oncoming trains; immediate action required.",Medium,High,-3,Critical
OTHR,Routine miscellaneous upkeep task as per maintenance calendar.,Medium,High,11,Moderate
EOMT,Unsafe material train loading condition reported at the yard; immediate corrective action required.,Medium,High,-4,Critical
STEL,Telecom equipment check completed under the regular maintenance schedule.,Medium,Low,13,Normal
SSIG,Signal equipment check completed as part of the regular inspection cycle.,Medium,High,4,Urgent
ETMW,Track machine calibration slightly off standard; can be addressed in the coming days.,Medium,High,5,Urgent
OTHR,General maintenance check completed under the regular schedule.,Medium,Low,11,Normal
ERRL,Rail segment renewed as part of the standard asset lifecycle programme.,Low,Low,6,Normal
TOHE,OHE alignment issue detected affecting current collection; urgent maintenance recommended.,High,High,2,Critical
STEL,Total loss of telecom connectivity on the section disrupting coordination; immediate restoration necessary.,Medium,Low,-4,Urgent
EOMT,Material train derailment risk identified due to loose ballast on the approach; immediate clearance needed.,High,High,0,Critical
OTHR,Urgent miscellaneous fault reported with significant safety implications; immediate action required.,High,High,-3,Critical
TREP,Electrical equipment showing performance degradation; can be addressed in the coming days.,Medium,High,2,Urgent
SSIG,Signal failure at the junction causing manual working; immediate rectification required to restore safe operations.,Medium,Medium,-3,Critical
OTHR,General maintenance check completed under the regular schedule.,Medium,Medium,8,Moderate
ETMR,Track buckling reported due to extreme heat; immediate repair required for safe train passage.,Medium,Low,-2,Urgent
OTHR,General maintenance check completed under the regular schedule.,Low,Medium,7,Moderate
TOHE,Minor OHE wear detected during inspection; maintenance can be planned within the week.,Low,Medium,6,Moderate
STEL,Telecom equipment performance degradation noted; can be addressed in the coming days.,Medium,Low,0,Moderate
TOHE,OHE contact wire severely worn and at risk of snapping; immediate maintenance necessary.,Medium,Medium,-5,Critical
OTHR,Routine miscellaneous upkeep task as per maintenance calendar.,Medium,Medium,7,Moderate
OTHR,General maintenance check completed under the regular schedule.,Low,Low,9,Normal
TOHE,OHE contact wire severely worn and at risk of snapping; immediate maintenance necessary.,High,High,-5,Critical
OTHR,General maintenance check completed under the regular schedule.,Medium,Low,10,Normal
OTHR,Standard general maintenance check completed with no issues found.,Medium,High,14,Moderate
TREP,Electrical equipment servicing logged as completed under the regular schedule.,Low,Low,3,Normal
STEL,Minor telecom connectivity issue observed during inspection; can be resolved within the week.,Medium,Medium,0,Urgent
EOMT,Material train unloading slightly behind schedule; can be resolved in the coming days.,Low,High,3,Urgent
ERRL,Severe rail fracture detected on the running line; immediate replacement required to prevent derailment.,High,Medium,-1,Critical
TOHE,OHE alignment issue detected affecting current collection; urgent maintenance recommended.,High,Low,1,Urgent
EOMT,Material train scheduling clash is delaying track possession; needs urgent resolution.,Medium,Medium,2,Urgent
STEL,Minor telecom connectivity issue observed during inspection; can be resolved within the week.,Low,Low,1,Moderate
OTHR,Urgent miscellaneous fault reported with significant safety implications; immediate action required.,Medium,Medium,0,Critical
STEL,Routine telecom equipment testing as per maintenance calendar.,Low,Medium,13,Normal
STEL,Communication equipment fault causing intermittent signal loss; urgent repair recommended.,Medium,Medium,1,Urgent
TPWR,Traction power interruption reported on the corridor causing service delays; needs urgent repair.,Medium,Medium,1,Urgent
TPWR,Traction power system fault has left the section without power supply; immediate restoration required.,High,Low,-3,Critical
OTHR,Urgent miscellaneous fault reported with significant safety implications; immediate action required.,High,Low,-1,Critical
SREP,Routine signalling equipment upkeep as per periodic schedule.,Medium,Medium,5,Moderate
TPWR,Traction power system logged as normal during the latest periodic check.,Medium,Medium,4,Moderate
ERRL,Rail condition monitored as slightly below standard; renewal can be addressed in the coming days.,Low,Low,3,Moderate
STEL,Telecom system failure has cut off communication with the field; immediate restoration required.,Medium,High,-3,Critical
OTHR,Unclassified infrastructure fault poses an immediate safety concern; urgent action required.,High,High,-4,Critical
TREP,Major electrical fault detected in traction substation equipment; immediate repair required to prevent outage.,Medium,Low,-3,Urgent
ETMW,Track machine breakdown during possession has left the rail section unsafe for train movement; immediate rectification required.,Medium,Medium,0,Critical
EOMT,Material train derailment risk identified due to loose ballast on the approach; immediate clearance needed.,Medium,Medium,-4,Critical
ETMW,Track machine calibration slightly off standard; can be addressed in the coming days.,Medium,High,7,Urgent
EOMT,Routine material train logistics coordination for upcoming ballast supply.,Medium,High,5,Urgent
SSIG,Standard signal equipment check completed with no issues found.,Low,High,12,Moderate
OTHR,Unclassified maintenance issue is affecting normal operations; urgent attention recommended.,High,High,1,Critical
ERRL,Rail condition monitored as slightly below standard; renewal can be addressed in the coming days.,Medium,Low,4,Moderate
ETMW,Routine preventive check of track machine as per maintenance calendar; no anomalies reported.,Low,Low,13,Normal
TPWR,Periodic traction power equipment check completed with no issues found.,Medium,Low,6,Moderate
TOHE,OHE contact wire severely worn and at risk of snapping; immediate maintenance necessary.,Medium,Low,0,Urgent
ETMW,Routine preventive check of track machine as per maintenance calendar; no anomalies reported.,Low,Low,4,Normal
OTHR,Minor miscellaneous issue noted during inspection; can be addressed within the week.,Medium,Medium,1,Urgent
STEL,Standard telecom equipment check completed under periodic maintenance.,Medium,Low,10,Normal
TPWR,Sudden traction power failure has halted electric train operations; immediate restoration required.,High,High,-4,Critical
TPWR,Scheduled traction power equipment check showing early wear signs; can be addressed in the coming days.,Medium,Medium,1,Urgent
TOHE,OHE component showing early degradation signs; can be addressed in the coming days.,Medium,High,1,Urgent
OTHR,Standard general maintenance check completed with no issues found.,Low,Low,6,Normal
EOMT,Material train derailment risk identified due to loose ballast on the approach; immediate clearance needed.,Medium,Low,-1,Urgent
SREP,Signalling equipment fault detected affecting reliability; urgent repair recommended.,High,Low,2,Urgent
TREP,Routine electrical equipment servicing as per maintenance schedule.,Medium,High,6,Moderate
OTHR,Unclassified critical infrastructure issue reported requiring immediate attention.,Medium,Medium,-2,Critical
ETMW,Track machine performance slightly below standard; servicing can be planned within the week.,Low,High,4,Urgent
SREP,Signalling equipment showing wear during inspection; can be addressed in the coming days.,Medium,Medium,2,Urgent
TREP,Routine electrical equipment servicing as per maintenance schedule.,Low,Medium,6,Moderate
TREP,Electrical equipment showing minor performance dip; can be addressed in the coming days.,Low,Low,5,Moderate
TPWR,Periodic traction power equipment check completed with no issues found.,Low,High,3,Moderate
OTHR,Unclassified infrastructure fault poses an immediate safety concern; urgent action required.,High,Medium,-4,Critical
SSIG,Slight signal timing deviation observed; can be corrected within the week.,Low,High,0,Urgent
EOMT,Standard material train scheduling update for periodic track renewal work.,Low,Low,7,Normal
ETMR,Track geometry failure detected posing an immediate derailment risk; urgent repair required.,High,High,-5,Critical
STEL,Telecom equipment condition slightly below standard; can be addressed in the coming days.,Medium,Low,6,Moderate
ETMW,"Track machine fault occurred while occupying the running line, creating an unsafe condition for oncoming trains; immediate action required.",Medium,Medium,-5,Critical
EOMT,Minor delay in material train unloading noted; can be adjusted within the week.,Low,High,3,Urgent
ETMR,Track buckling reported due to extreme heat; immediate repair required for safe train passage.,Medium,High,-2,Critical
ERRL,Rail segment renewed as part of the standard asset lifecycle programme.,Low,Medium,11,Normal
TREP,Routine electrical equipment servicing as per maintenance schedule.,Low,Medium,12,Normal
SREP,Signalling equipment condition slightly below standard; can be addressed in the coming days.,Medium,Medium,6,Moderate
ETMW,Routine preventive check of track machine as per maintenance calendar; no anomalies reported.,Low,Low,5,Normal
ERRL,Severe rail fracture detected on the running line; immediate replacement required to prevent derailment.,Medium,Low,-3,Urgent
EOMT,Material train unloading slightly behind schedule; can be resolved in the coming days.,Medium,Medium,2,Urgent
TPWR,"OHE wire snapped near the station yard, posing immediate electrocution and traffic hazard; urgent power block required.",High,Low,0,Critical
TPWR,Traction power system fault has left the section without power supply; immediate restoration required.,High,Medium,-3,Critical
EOMT,Material train logistics reviewed as part of routine planning; no issues found.,Medium,Medium,13,Moderate
STEL,Telecom equipment condition slightly below standard; can be addressed in the coming days.,Low,High,5,Urgent
EOMT,Standard material train scheduling update for periodic track renewal work.,Medium,Low,5,Moderate
OTHR,Standard general maintenance check completed with no issues found.,Low,Medium,12,Normal
ETMW,Routine preventive check of track machine as per maintenance calendar; no anomalies reported.,Medium,High,4,Urgent
TREP,Electrical equipment servicing logged as completed under the regular schedule.,Low,Low,9,Normal
ETMW,Periodic track machine inspection completed as scheduled; equipment functioning normally.,Medium,Low,14,Normal
SSIG,Signal equipment check completed as part of the regular inspection cycle.,Low,Low,10,Normal
OTHR,Unclassified critical infrastructure issue reported requiring immediate attention.,High,High,-3,Critical
STEL,Telecom equipment performance degradation noted; can be addressed in the coming days.,Low,High,4,Urgent
TPWR,Traction power equipment showing slight deviation from standard; can be addressed in the coming days.,Low,Medium,6,Moderate
TREP,Major electrical fault detected in traction substation equipment; immediate repair required to prevent outage.,High,Medium,-5,Critical
TREP,Electrical equipment servicing logged as completed under the regular schedule.,Low,Low,4,Normal
ETMW,Periodic track machine inspection completed as scheduled; equipment functioning normally.,Low,Low,12,Normal
TPWR,Routine traction power system inspection as per maintenance calendar.,Low,High,5,Moderate
TPWR,Traction power equipment showing slight deviation from standard; can be addressed in the coming days.,Low,Medium,5,Moderate
TOHE,OHE component slightly below standard condition; can be addressed in the coming days.,Medium,High,0,Urgent
TREP,Electrical equipment showing minor performance dip; can be addressed in the coming days.,Medium,Low,0,Moderate
STEL,Routine telecom equipment testing as per maintenance calendar.,Medium,High,4,Urgent
EOMT,Standard material train scheduling update for periodic track renewal work.,Medium,Low,7,Moderate
SREP,Signalling equipment check completed under the regular maintenance cycle.,Medium,High,5,Urgent
TOHE,Standard OHE upkeep carried out under regular maintenance programme.,Low,Medium,4,Moderate
TPWR,Sudden traction power failure has halted electric train operations; immediate restoration required.,Medium,Medium,0,Critical
TREP,Minor electrical fault noted during inspection; repair can be planned within the week.,Low,Low,0,Moderate
ETMW,"Scheduled track machine servicing due; minor calibration drift observed, can be addressed in the coming days.",Medium,Medium,0,Urgent
ETMR,Severe track misalignment detected posing derailment risk; immediate correction needed.,High,Low,-3,Critical
ERRL,Rail section nearing renewal threshold as per condition monitoring; can be addressed in the coming days.,Medium,Medium,3,Urgent
ETMW,Track tamping machine malfunction causing irregular track geometry; requires urgent repair before next scheduled traffic.,High,Low,1,Urgent
STEL,Telecom equipment showing frequent connectivity drops affecting coordination; urgent attention needed.,High,Low,2,Urgent
SREP,Signalling equipment check completed under the regular maintenance cycle.,Low,Low,8,Normal
STEL,Telecom system failure has cut off communication with the field; immediate restoration required.,Medium,High,-5,Critical
ERRL,Critical rail defect identified during ultrasonic testing; immediate renewal necessary for safe operations.,Medium,Low,-5,Urgent
TPWR,Sudden traction power failure has halted electric train operations; immediate restoration required.,High,Medium,-4,Critical
TOHE,Routine OHE cleaning and inspection as per periodic schedule.,Medium,High,4,Urgent
EOMT,Minor delay in material train unloading noted; can be adjusted within the week.,Medium,Medium,3,Urgent
EOMT,"Material train loading operation delayed, blocking siding access; needs prompt resolution.",High,Low,1,Urgent
SREP,Standard signalling equipment check completed under regular maintenance.,Medium,Medium,9,Moderate
OTHR,General maintenance check completed under the regular schedule.,Medium,High,4,Urgent
TPWR,Traction power supply fluctuation affecting multiple sections; requires urgent attention.,Medium,Low,2,Urgent
STEL,Standard telecom equipment check completed under periodic maintenance.,Low,Low,5,Normal
ETMR,Standard track upkeep carried out as part of regular maintenance cycle.,Medium,High,5,Urgent
SSIG,Signal relay showing erratic behaviour affecting reliability; urgent maintenance recommended.,High,Low,1,Urgent
SREP,Signalling relay malfunction detected; urgent repair needed to avoid service impact.,Medium,High,1,Critical
ETMW,Track machine performance slightly below standard; servicing can be planned within the week.,Low,Low,6,Moderate
TPWR,Routine traction power system inspection as per maintenance calendar.,Low,Medium,8,Moderate
ETMR,Slight track unevenness observed on routine patrol; repair can be planned within the week.,Low,High,6,Moderate
STEL,Standard telecom equipment check completed under periodic maintenance.,Low,High,4,Moderate
SSIG,Routine signal maintenance as per periodic inspection calendar.,Low,Low,7,Normal
SREP,Signalling equipment check completed under the regular maintenance cycle.,Medium,Low,3,Moderate
ETMR,Minor track geometry deviation noted during inspection; can be addressed in the coming days.,Low,High,4,Urgent
TREP,Electrical equipment showing performance degradation; can be addressed in the coming days.,Medium,Medium,4,Urgent
SREP,Signalling equipment check completed under the regular maintenance cycle.,Low,Medium,9,Moderate
ETMW,Track machine breakdown during possession has left the rail section unsafe for train movement; immediate rectification required.,Medium,High,0,Critical
ETMW,Routine preventive check of track machine as per maintenance calendar; no anomalies reported.,Low,High,11,Moderate
EOMT,Minor delay in material train unloading noted; can be adjusted within the week.,Medium,High,0,Urgent
TREP,Electrical equipment showing performance degradation; can be addressed in the coming days.,Low,Medium,0,Moderate
SREP,Standard signalling equipment check completed under regular maintenance.,Low,Medium,12,Normal
SREP,Routine signalling equipment upkeep as per periodic schedule.,Medium,High,13,Moderate
TREP,Electrical equipment servicing logged as completed under the regular schedule.,Low,High,3,Moderate
TOHE,Routine OHE cleaning and inspection as per periodic schedule.,Low,Low,6,Normal
ERRL,Routine rail renewal as part of periodic asset lifecycle replacement.,Low,High,12,Moderate
EOMT,Material train stopped unsafely on the running line due to a mechanical issue; immediate clearance required.,Medium,Medium,-2,Critical
ERRL,Rail section nearing renewal threshold as per condition monitoring; can be addressed in the coming days.,Low,Medium,1,Moderate
TREP,Routine electrical equipment servicing as per maintenance schedule.,Low,Low,12,Normal
ERRL,Significant rail wear beyond permissible limits identified during inspection; replacement needed soon.,Medium,Low,2,Urgent
EOMT,Standard material train scheduling update for periodic track renewal work.,Low,Low,13,Normal
STEL,Standard telecom equipment check completed under periodic maintenance.,Medium,Medium,9,Moderate
ERRL,Rail condition monitored as slightly below standard; renewal can be addressed in the coming days.,Medium,Medium,4,Urgent
TOHE,Standard OHE upkeep carried out under regular maintenance programme.,Low,Low,5,Normal
SSIG,Signal equipment check completed as part of the regular inspection cycle.,Low,Low,11,Normal
TOHE,OHE conductor damage found posing an immediate safety hazard; urgent maintenance required.,High,High,-1,Critical
TPWR,Traction power system fault has left the section without power supply; immediate restoration required.,Medium,High,-1,Critical
EOMT,Material train stopped unsafely on the running line due to a mechanical issue; immediate clearance required.,Medium,High,-2,Critical
OTHR,Miscellaneous maintenance issue with significant operational impact identified.,High,High,1,Critical
EOMT,Material train stopped unsafely on the running line due to a mechanical issue; immediate clearance required.,High,Medium,0,Critical
TREP,Standard electrical equipment check completed under periodic maintenance.,Low,Low,9,Normal
TOHE,OHE inspection completed as part of the regular maintenance programme.,Low,Low,9,Normal
STEL,Standard telecom equipment check completed under periodic maintenance.,Low,High,14,Moderate
SREP,Signalling equipment failure detected at a key interlocking point; immediate repair necessary for safe operations.,High,High,-4,Critical
ETMW,Track machine performance slightly below standard; servicing can be planned within the week.,Low,Low,1,Moderate
ERRL,Rail crack found extending across the running surface; immediate replacement required to prevent failure.,Medium,Low,0,Urgent
STEL,Standard telecom equipment check completed under periodic maintenance.,Medium,High,7,Moderate
OTHR,General infrastructure fault reported requiring urgent attention to avoid disruption.,High,Low,1,Urgent
OTHR,General maintenance item found slightly below standard; can be addressed in the coming days.,Medium,High,7,Urgent
SSIG,Routine signal maintenance as per periodic inspection calendar.,Medium,Low,5,Moderate
SSIG,Signal system fault has disrupted safe train working; immediate rectification required.,Medium,High,-3,Critical
ETMR,Routine track patrol maintenance as per periodic schedule.,Low,Low,9,Normal
EOMT,Material train stopped unsafely on the running line due to a mechanical issue; immediate clearance required.,Medium,Medium,-5,Critical
ETMW,Routine preventive check of track machine as per maintenance calendar; no anomalies reported.,Low,Medium,11,Normal
STEL,Telecom equipment fault is disrupting coordination; urgent repair recommended.,High,High,1,Critical
SSIG,Routine signal maintenance as per periodic inspection calendar.,Low,Low,9,Normal
ETMR,Track alignment fault found during inspection; urgent correction recommended.,High,Medium,2,Critical
EOMT,Material train movement scheduling conflict with regular traffic; can be resolved in the coming days.,Low,Medium,6,Moderate
SREP,Point machine failure at a critical junction affecting train safety; immediate repair required.,Medium,High,-2,Critical
ETMR,Track buckling reported due to extreme heat; immediate repair required for safe train passage.,High,Medium,-1,Critical
TOHE,OHE component slightly below standard condition; can be addressed in the coming days.,Medium,High,2,Urgent
ERRL,Rail segment renewed as part of the standard asset lifecycle programme.,Low,Low,4,Normal
SSIG,Standard signal equipment check completed with no issues found.,Low,Medium,14,Normal
TPWR,Sudden traction power failure has halted electric train operations; immediate restoration required.,Medium,Medium,-5,Critical
OTHR,Unclassified critical infrastructure issue reported requiring immediate attention.,High,Low,0,Critical
TOHE,OHE insulator failure causing sparking incidents; immediate maintenance required to avoid service disruption.,High,Medium,-2,Critical
TOHE,OHE inspection completed as part of the regular maintenance programme.,Low,Medium,13,Normal
EOMT,"Material train loading operation delayed, blocking siding access; needs prompt resolution.",High,Low,2,Urgent
ERRL,Critical rail defect identified during ultrasonic testing; immediate renewal necessary for safe operations.,Medium,Low,-3,Urgent
ETMW,Routine preventive check of track machine as per maintenance calendar; no anomalies reported.,Medium,Low,11,Normal
OTHR,Routine miscellaneous upkeep task as per maintenance calendar.,Medium,Low,13,Normal
TPWR,Traction power system fault has left the section without power supply; immediate restoration required.,High,Low,-1,Critical
SREP,Signalling equipment fault at a key location is affecting safe train working; immediate repair required.,High,Low,-5,Critical
ETMW,Track machine breakdown during possession has left the rail section unsafe for train movement; immediate rectification required.,Medium,Medium,-1,Critical
EOMT,Material train logistics reviewed as part of routine planning; no issues found.,Medium,Low,10,Normal
EOMT,Material train scheduling clash is delaying track possession; needs urgent resolution.,Medium,Low,2,Urgent
ERRL,Moderate rail wear observed during routine inspection; renewal can be planned within the week.,Medium,High,6,Urgent
SREP,Signalling equipment showing wear during inspection; can be addressed in the coming days.,Medium,Low,6,Moderate
SREP,Minor signalling equipment fault noted; repair can be planned within the week.,Medium,High,7,Urgent
TOHE,OHE component slightly below standard condition; can be addressed in the coming days.,Medium,Low,0,Moderate
STEL,Minor telecom connectivity issue observed during inspection; can be resolved within the week.,Low,Low,3,Moderate
SSIG,Signal equipment showing minor irregularities during routine check; can be addressed in the coming days.,Low,Low,1,Moderate
ETMR,Severe track misalignment detected posing derailment risk; immediate correction needed.,High,Medium,-2,Critical
ETMR,Track maintenance logged as completed under the regular upkeep cycle.,Low,Medium,4,Moderate
OTHR,Routine miscellaneous upkeep task as per maintenance calendar.,Low,Medium,12,Normal
EOMT,Material train logistics reviewed as part of routine planning; no issues found.,Low,Medium,10,Normal
EOMT,Unsafe material train loading condition reported at the yard; immediate corrective action required.,High,High,-4,Critical
ERRL,Rail crack found extending across the running surface; immediate replacement required to prevent failure.,Medium,High,-5,Critical
SSIG,Signal equipment fault detected affecting reliability; urgent maintenance recommended.,High,High,2,Critical
SSIG,Signal equipment showing minor irregularities during routine check; can be addressed in the coming days.,Low,High,4,Urgent
OTHR,Urgent miscellaneous fault reported with significant safety implications; immediate action required.,High,Low,-2,Critical
STEL,Minor telecom connectivity issue observed during inspection; can be resolved within the week.,Medium,High,4,Urgent
OTHR,Standard general maintenance check completed with no issues found.,Low,Low,5,Normal
TREP,Electrical equipment showing performance degradation; can be addressed in the coming days.,Low,High,6,Moderate
SREP,Signalling equipment condition slightly below standard; can be addressed in the coming days.,Medium,Medium,5,Urgent
TREP,Routine electrical equipment servicing as per maintenance schedule.,Medium,Medium,8,Moderate
STEL,Telecom equipment performance degradation noted; can be addressed in the coming days.,Medium,Medium,0,Urgent
ETMW,Track machine performance slightly below standard; servicing can be planned within the week.,Medium,Medium,4,Urgent
ERRL,Routine rail renewal as part of periodic asset lifecycle replacement.,Low,Low,5,Normal
ERRL,Routine rail renewal as part of periodic asset lifecycle replacement.,Medium,Medium,11,Moderate
ETMW,Track machine calibration slightly off standard; can be addressed in the coming days.,Medium,Medium,5,Urgent
SSIG,Routine signal maintenance as per periodic inspection calendar.,Low,High,7,Moderate
ETMR,Track maintenance logged as completed under the regular upkeep cycle.,Low,Low,4,Normal
ETMR,Minor track geometry deviation noted during inspection; can be addressed in the coming days.,Low,High,1,Urgent
ERRL,Scheduled rail replacement under normal asset renewal programme.,Low,Low,3,Normal
OTHR,General maintenance check completed under the regular schedule.,Low,Low,13,Normal
ETMR,Track geometry deviation beyond permissible limits found during inspection; urgent repair needed.,Medium,High,1,Critical
ERRL,Rail condition monitored as slightly below standard; renewal can be addressed in the coming days.,Low,High,7,Moderate
EOMT,Routine material train logistics coordination for upcoming ballast supply.,Low,High,12,Moderate
SREP,Routine signalling equipment upkeep as per periodic schedule.,Low,Low,10,Normal
OTHR,Urgent miscellaneous fault reported with significant safety implications; immediate action required.,Medium,Medium,-2,Critical
ETMW,Track machine performance slightly below standard; servicing can be planned within the week.,Low,Medium,7,Moderate
EOMT,Material train stopped unsafely on the running line due to a mechanical issue; immediate clearance required.,High,Low,-3,Critical
OTHR,Routine miscellaneous upkeep task as per maintenance calendar.,Medium,Low,3,Moderate
TREP,Electrical equipment servicing logged as completed under the regular schedule.,Medium,High,5,Urgent
ETMW,"Scheduled track machine servicing due; minor calibration drift observed, can be addressed in the coming days.",Medium,High,1,Urgent
ERRL,Rail corrugation exceeding safe limits detected on the section; replacement recommended urgently.,High,Medium,2,Critical
STEL,Routine telecom equipment testing as per maintenance calendar.,Medium,High,14,Moderate
TREP,Routine electrical equipment servicing as per maintenance schedule.,Low,Low,13,Normal
SREP,Routine signalling equipment upkeep as per periodic schedule.,Medium,Low,14,Normal
EOMT,Minor delay in material train unloading noted; can be adjusted within the week.,Low,Low,2,Moderate
ETMW,Track machine calibration slightly off standard; can be addressed in the coming days.,Low,High,6,Moderate
TREP,Electrical equipment malfunction causing intermittent traction supply issues; urgent repair required.,Medium,Low,2,Urgent
ETMW,"Track machine fault occurred while occupying the running line, creating an unsafe condition for oncoming trains; immediate action required.",Medium,Medium,-3,Critical
SREP,Standard signalling equipment check completed under regular maintenance.,Low,Low,7,Normal
SSIG,Signal failure at the junction causing manual working; immediate rectification required to restore safe operations.,Medium,High,-2,Critical
ETMW,Track tamping machine malfunction causing irregular track geometry; requires urgent repair before next scheduled traffic.,Medium,Medium,1,Urgent
SSIG,Signal equipment check completed as part of the regular inspection cycle.,Medium,Medium,8,Moderate
ERRL,Routine rail renewal as part of periodic asset lifecycle replacement.,Medium,Low,11,Normal
ETMW,Track machine breakdown during possession has left the rail section unsafe for train movement; immediate rectification required.,High,Low,-5,Critical
ETMW,Routine preventive check of track machine as per maintenance calendar; no anomalies reported.,Medium,High,12,Moderate
OTHR,Urgent miscellaneous fault reported with significant safety implications; immediate action required.,High,Medium,-2,Critical
ETMR,Routine track patrol maintenance as per periodic schedule.,Medium,Low,11,Normal
ETMW,Track machine calibration slightly off standard; can be addressed in the coming days.,Medium,High,4,Urgent
STEL,Telecom equipment showing frequent connectivity drops affecting coordination; urgent attention needed.,High,High,1,Critical
SREP,Signalling equipment showing intermittent faults affecting reliability; urgent repair recommended.,Medium,High,2,Critical
ETMR,Standard track upkeep carried out as part of regular maintenance cycle.,Low,Medium,10,Normal
ETMR,Track alignment fault found during inspection; urgent correction recommended.,Medium,High,1,Critical
EOMT,Unsafe material train loading condition reported at the yard; immediate corrective action required.,Medium,Medium,-5,Critical
EOMT,Material train unloading slightly behind schedule; can be resolved in the coming days.,Low,Medium,7,Moderate
TREP,Electrical equipment malfunction causing intermittent traction supply issues; urgent repair required.,High,Low,2,Urgent
SSIG,Signal equipment check completed as part of the regular inspection cycle.,Low,Medium,13,Normal
TREP,Critical electrical panel failure at the substation risking traction power outage; immediate repair needed.,Medium,Medium,-1,Critical
ETMW,Sudden track machine failure mid-operation has blocked the line unsafely; urgent intervention needed to restore safe passage.,Medium,Low,-4,Urgent
EOMT,"Material train loading operation delayed, blocking siding access; needs prompt resolution.",High,High,1,Critical
TPWR,Routine traction power system inspection as per maintenance calendar.,Low,Medium,10,Normal
ERRL,Rail corrugation exceeding safe limits detected on the section; replacement recommended urgently.,Medium,High,1,Critical
ETMW,Track machine breakdown during possession has left the rail section unsafe for train movement; immediate rectification required.,High,Low,-4,Critical
STEL,Total loss of telecom connectivity on the section disrupting coordination; immediate restoration necessary.,Medium,High,-5,Critical
ETMW,Track machine logged as functioning normally during the latest periodic check.,Medium,Low,5,Moderate
ETMR,Routine track patrol maintenance as per periodic schedule.,Medium,Medium,3,Moderate
OTHR,General maintenance item found slightly below standard; can be addressed in the coming days.,Medium,High,3,Urgent
ETMR,Track surface slightly uneven per latest patrol; can be addressed in the coming days.,Low,Medium,6,Moderate
SREP,Signalling equipment check completed under the regular maintenance cycle.,Low,Low,6,Normal
SREP,Signalling equipment showing wear during inspection; can be addressed in the coming days.,Medium,Low,4,Moderate
TOHE,OHE conductor damage found posing an immediate safety hazard; urgent maintenance required.,Medium,High,-2,Critical
OTHR,General maintenance check completed under the regular schedule.,Low,Low,3,Normal
SREP,Signalling equipment showing wear during inspection; can be addressed in the coming days.,Medium,High,3,Urgent
SREP,Signalling equipment fault at a key location is affecting safe train working; immediate repair required.,Medium,Medium,-4,Critical
ETMW,Track machine logged as functioning normally during the latest periodic check.,Low,Low,8,Normal
OTHR,General maintenance check completed under the regular schedule.,Medium,High,7,Moderate
TREP,Electrical equipment fault at the substation has caused a loss of supply; immediate repair required.,High,Medium,-2,Critical
EOMT,Material train movement obstruction reported affecting adjacent line clearance; requires urgent attention.,Medium,Medium,1,Urgent
STEL,Telecom equipment check completed under the regular maintenance schedule.,Medium,Medium,7,Moderate
EOMT,Material train movement scheduling conflict with regular traffic; can be resolved in the coming days.,Low,Low,2,Moderate
SSIG,Signal equipment check completed as part of the regular inspection cycle.,Medium,Low,13,Normal
TPWR,Traction power parameters slightly outside normal range; can be corrected within the week.,Medium,Medium,6,Moderate
OTHR,Routine miscellaneous upkeep task as per maintenance calendar.,Low,Low,7,Normal
EOMT,Unsafe material train loading condition reported at the yard; immediate corrective action required.,High,High,-5,Critical
OTHR,Standard general maintenance check completed with no issues found.,Medium,Low,12,Normal
EOMT,Standard material train scheduling update for periodic track renewal work.,Low,Low,9,Normal
SREP,Signalling equipment fault detected affecting reliability; urgent repair recommended.,Medium,Low,1,Urgent
EOMT,Minor delay in material train unloading noted; can be adjusted within the week.,Medium,High,2,Urgent
TREP,Electrical equipment servicing logged as completed under the regular schedule.,Low,Low,6,Normal
SSIG,Signal relay showing erratic behaviour affecting reliability; urgent maintenance recommended.,Medium,Low,1,Urgent
ERRL,Rail segment renewed as part of the standard asset lifecycle programme.,Medium,Low,13,Normal
TPWR,Periodic traction power equipment check completed with no issues found.,Low,Low,3,Normal
ETMW,Track tamping machine malfunction causing irregular track geometry; requires urgent repair before next scheduled traffic.,High,Medium,1,Critical
TREP,Standard electrical equipment check completed under periodic maintenance.,Low,Medium,6,Moderate
STEL,Telecom equipment performance degradation noted; can be addressed in the coming days.,Medium,High,4,Urgent
SREP,Signalling equipment failure detected at a key interlocking point; immediate repair necessary for safe operations.,High,Low,0,Critical
ETMR,Track surface slightly uneven per latest patrol; can be addressed in the coming days.,Medium,High,5,Urgent
SSIG,Signal aspect malfunction posing safety risk to train movement; immediate correction required.,Medium,Low,-1,Urgent
EOMT,Material train logistics reviewed as part of routine planning; no issues found.,Low,Medium,6,Moderate
ETMR,Track buckling reported due to extreme heat; immediate repair required for safe train passage.,Medium,Low,-1,Urgent
STEL,Standard telecom equipment check completed under periodic maintenance.,Low,Low,11,Normal
ERRL,Rail condition monitored as slightly below standard; renewal can be addressed in the coming days.,Low,Low,6,Moderate
TOHE,OHE contact wire severely worn and at risk of snapping; immediate maintenance necessary.,High,Low,-2,Critical
TOHE,OHE component showing early degradation signs; can be addressed in the coming days.,Medium,Low,7,Moderate
ETMW,Sudden track machine failure mid-operation has blocked the line unsafely; urgent intervention needed to restore safe passage.,High,Low,-3,Critical
TOHE,OHE component showing significant wear affecting current collection; urgent maintenance recommended.,High,High,1,Critical
TREP,Minor electrical fault noted during inspection; repair can be planned within the week.,Medium,High,7,Urgent
SSIG,Signal system fault has disrupted safe train working; immediate rectification required.,Medium,Medium,0,Critical
OTHR,Unclassified maintenance issue is affecting normal operations; urgent attention recommended.,Medium,Low,1,Urgent
STEL,Routine telecom equipment testing as per maintenance calendar.,Low,Medium,9,Moderate
ETMW,Track machine breakdown during possession has left the rail section unsafe for train movement; immediate rectification required.,High,High,-5,Critical
EOMT,Material train stopped unsafely on the running line due to a mechanical issue; immediate clearance required.,High,High,-4,Critical
TREP,Major electrical fault detected in traction substation equipment; immediate repair required to prevent outage.,High,Medium,-4,Critical
TOHE,OHE component showing early degradation signs; can be addressed in the coming days.,Medium,High,5,Urgent
ERRL,Rail crack found extending across the running surface; immediate replacement required to prevent failure.,High,Medium,-1,Critical
SREP,Point machine failure at a critical junction affecting train safety; immediate repair required.,High,Low,0,Critical
SREP,Standard signalling equipment check completed under regular maintenance.,Low,Medium,10,Normal
TREP,Electrical equipment fault at the substation has caused a loss of supply; immediate repair required.,High,High,-4,Critical
SREP,Signalling equipment fault at a key location is affecting safe train working; immediate repair required.,High,Low,0,Critical
EOMT,Unsafe material train loading condition reported at the yard; immediate corrective action required.,High,Low,-5,Critical
OTHR,General infrastructure fault reported requiring urgent attention to avoid disruption.,High,High,2,Critical
ETMR,Routine track patrol maintenance as per periodic schedule.,Low,Low,5,Normal
ERRL,Rail segment renewed as part of the standard asset lifecycle programme.,Low,Medium,12,Normal
STEL,Minor telecom connectivity issue observed during inspection; can be resolved within the week.,Medium,High,2,Urgent
EOMT,Unsafe material train loading condition reported at the yard; immediate corrective action required.,Medium,High,-2,Critical
ERRL,Rail crack found extending across the running surface; immediate replacement required to prevent failure.,Medium,High,-4,Critical
EOMT,Unsafe material train loading condition reported at the yard; immediate corrective action required.,Medium,Low,-5,Urgent
EOMT,Unsafe material train loading condition reported at the yard; immediate corrective action required.,High,High,-3,Critical
SSIG,Routine signal maintenance as per periodic inspection calendar.,Medium,Medium,8,Moderate
OTHR,General maintenance item found slightly below standard; can be addressed in the coming days.,Medium,Medium,6,Moderate
ETMR,Track buckling reported due to extreme heat; immediate repair required for safe train passage.,Medium,Low,-5,Urgent
TREP,Critical electrical panel failure at the substation risking traction power outage; immediate repair needed.,Medium,Low,0,Urgent
TREP,Standard electrical equipment check completed under periodic maintenance.,Low,Low,5,Normal
ETMW,"Track machine fault occurred while occupying the running line, creating an unsafe condition for oncoming trains; immediate action required.",High,High,-3,Critical
EOMT,Standard material train scheduling update for periodic track renewal work.,Low,Low,5,Normal
OTHR,General maintenance item found slightly below standard; can be addressed in the coming days.,Medium,Low,7,Moderate
ETMW,Sudden track machine failure mid-operation has blocked the line unsafely; urgent intervention needed to restore safe passage.,High,Low,-2,Critical
TREP,Electrical equipment servicing logged as completed under the regular schedule.,Medium,Medium,5,Moderate
OTHR,Unclassified infrastructure fault poses an immediate safety concern; urgent action required.,Medium,Medium,-4,Critical
TOHE,OHE conductor damage found posing an immediate safety hazard; urgent maintenance required.,Medium,Medium,-2,Critical
SSIG,Standard signal equipment check completed with no issues found.,Low,High,8,Moderate
TREP,Electrical equipment fault at the substation has caused a loss of supply; immediate repair required.,High,High,-1,Critical
STEL,Complete communication link failure between control office and field staff; immediate restoration required.,High,Low,-2,Critical
TREP,Electrical equipment servicing logged as completed under the regular schedule.,Low,Low,7,Normal
OTHR,Minor miscellaneous issue noted during inspection; can be addressed within the week.,Low,Medium,3,Moderate
ERRL,Rail crack found extending across the running surface; immediate replacement required to prevent failure.,Medium,Medium,-1,Critical
ERRL,Rail section nearing renewal threshold as per condition monitoring; can be addressed in the coming days.,Medium,Low,5,Moderate
TREP,Electrical equipment fault at the substation has caused a loss of supply; immediate repair required.,High,Low,0,Critical
SSIG,Signal system fault has disrupted safe train working; immediate rectification required.,Medium,Medium,-5,Critical
EOMT,Material train derailment risk identified due to loose ballast on the approach; immediate clearance needed.,High,Medium,0,Critical
SREP,Signalling equipment condition slightly below standard; can be addressed in the coming days.,Medium,Low,4,Moderate
STEL,Complete communication link failure between control office and field staff; immediate restoration required.,Medium,Medium,-3,Critical
TOHE,OHE component showing significant wear affecting current collection; urgent maintenance recommended.,High,Low,1,Urgent
SSIG,Intermittent signal aspect faults reported; urgent maintenance needed to prevent failure.,Medium,Medium,1,Urgent
TPWR,Traction power parameters slightly outside normal range; can be corrected within the week.,Low,Medium,3,Moderate
EOMT,Material train unloading slightly behind schedule; can be resolved in the coming days.,Low,Low,6,Moderate
TREP,Standard electrical equipment check completed under periodic maintenance.,Low,Low,13,Normal
TPWR,Traction power equipment showing slight deviation from standard; can be addressed in the coming days.,Low,High,5,Urgent
STEL,Complete communication link failure between control office and field staff; immediate restoration required.,High,Medium,-2,Critical
TOHE,OHE component showing early degradation signs; can be addressed in the coming days.,Low,High,0,Urgent
SSIG,Routine signal maintenance as per periodic inspection calendar.,Low,Medium,14,Normal
STEL,Telecom system failure has cut off communication with the field; immediate restoration required.,Medium,Medium,-2,Critical
EOMT,Material train logistics reviewed as part of routine planning; no issues found.,Low,Low,13,Normal
TPWR,Sudden traction power failure has halted electric train operations; immediate restoration required.,Medium,Low,0,Urgent
STEL,Telecom equipment condition slightly below standard; can be addressed in the coming days.,Medium,High,7,Urgent
EOMT,Routine material train logistics coordination for upcoming ballast supply.,Low,Medium,13,Normal
SSIG,Signal equipment check completed as part of the regular inspection cycle.,Low,Medium,12,Normal
OTHR,Standard general maintenance check completed with no issues found.,Medium,Medium,4,Moderate
SSIG,Signal equipment showing minor irregularities during routine check; can be addressed in the coming days.,Medium,Low,2,Moderate
TOHE,OHE tension irregularity detected on the corridor; needs prompt corrective maintenance.,Medium,Low,1,Urgent
STEL,Complete communication link failure between control office and field staff; immediate restoration required.,High,Low,0,Critical
OTHR,Minor miscellaneous issue noted during inspection; can be addressed within the week.,Medium,Low,3,Moderate
OTHR,General maintenance item found slightly below standard; can be addressed in the coming days.,Medium,Medium,2,Urgent
TPWR,Scheduled traction power equipment check showing early wear signs; can be addressed in the coming days.,Medium,Medium,0,Urgent
ETMW,Routine preventive check of track machine as per maintenance calendar; no anomalies reported.,Medium,Low,9,Moderate
TREP,Electrical equipment malfunction causing intermittent traction supply issues; urgent repair required.,Medium,Medium,1,Urgent
SREP,Signalling equipment check completed under the regular maintenance cycle.,Low,Low,9,Normal
OTHR,Urgent miscellaneous fault reported with significant safety implications; immediate action required.,High,High,-5,Critical
SREP,Signalling equipment condition slightly below standard; can be addressed in the coming days.,Medium,High,1,Urgent
TPWR,Routine traction power system inspection as per maintenance calendar.,Low,Low,5,Normal
ETMW,Track machine performance slightly below standard; servicing can be planned within the week.,Medium,High,1,Urgent
TPWR,Traction power equipment showing slight deviation from standard; can be addressed in the coming days.,Medium,Medium,5,Urgent
OTHR,Urgent miscellaneous fault reported with significant safety implications; immediate action required.,High,Medium,-3,Critical
SSIG,Signal aspect malfunction posing safety risk to train movement; immediate correction required.,High,High,0,Critical
TPWR,Traction power parameters slightly outside normal range; can be corrected within the week.,Medium,Medium,4,Urgent
ETMR,Track maintenance logged as completed under the regular upkeep cycle.,Medium,Medium,8,Moderate
TOHE,Standard OHE upkeep carried out under regular maintenance programme.,Low,Low,6,Normal
ETMR,Standard track upkeep carried out as part of regular maintenance cycle.,Low,Medium,14,Normal
TOHE,Minor OHE wear detected during inspection; maintenance can be planned within the week.,Medium,Medium,5,Urgent
ETMR,Minor track geometry deviation noted during inspection; can be addressed in the coming days.,Medium,Low,1,Moderate
EOMT,Standard material train scheduling update for periodic track renewal work.,Medium,High,9,Moderate
OTHR,General maintenance check completed under the regular schedule.,Low,Low,10,Normal
STEL,Minor telecom connectivity issue observed during inspection; can be resolved within the week.,Medium,Medium,3,Urgent
ETMW,Routine preventive check of track machine as per maintenance calendar; no anomalies reported.,Low,Low,10,Normal
STEL,Total loss of telecom connectivity on the section disrupting coordination; immediate restoration necessary.,Medium,Medium,-4,Critical
ERRL,Severe rail fracture detected on the running line; immediate replacement required to prevent derailment.,High,Low,0,Critical
SSIG,Signal failure at the junction causing manual working; immediate rectification required to restore safe operations.,High,Low,-1,Critical
TPWR,Traction power system logged as normal during the latest periodic check.,Low,High,7,Moderate
SSIG,Routine signal maintenance as per periodic inspection calendar.,Low,Medium,11,Normal
OTHR,Minor miscellaneous issue noted during inspection; can be addressed within the week.,Medium,High,5,Urgent
TREP,Electrical switchgear fault reported affecting power reliability; urgent repair recommended.,Medium,Medium,2,Urgent
SREP,Signalling equipment check completed under the regular maintenance cycle.,Medium,High,9,Moderate
EOMT,Material train logistics reviewed as part of routine planning; no issues found.,Medium,Low,12,Normal
TREP,Standard electrical equipment check completed under periodic maintenance.,Low,Low,3,Normal
ERRL,Rail section nearing renewal threshold as per condition monitoring; can be addressed in the coming days.,Medium,Medium,0,Urgent
SREP,Routine signalling equipment upkeep as per periodic schedule.,Medium,Medium,10,Moderate
OTHR,Routine miscellaneous upkeep task as per maintenance calendar.,Low,Medium,14,Normal
SSIG,Standard signal equipment check completed with no issues found.,Low,Low,9,Normal
SREP,Routine signalling equipment upkeep as per periodic schedule.,Medium,Low,13,Normal
ETMW,Periodic track machine inspection completed as scheduled; equipment functioning normally.,Low,Medium,11,Normal
ETMR,Routine track patrol maintenance as per periodic schedule.,Low,Medium,9,Moderate
TOHE,OHE component showing early degradation signs; can be addressed in the coming days.,Low,High,1,Urgent
EOMT,Standard material train scheduling update for periodic track renewal work.,Medium,High,8,Moderate
STEL,Total loss of telecom connectivity on the section disrupting coordination; immediate restoration necessary.,High,Low,-4,Critical
ERRL,Moderate rail wear observed during routine inspection; renewal can be planned within the week.,Medium,Low,0,Moderate
STEL,Total loss of telecom connectivity on the section disrupting coordination; immediate restoration necessary.,Medium,Low,-3,Urgent
TOHE,Minor OHE wear detected during inspection; maintenance can be planned within the week.,Medium,High,0,Urgent
SREP,Signalling equipment fault at a key location is affecting safe train working; immediate repair required.,Medium,Low,-4,Urgent
ETMW,Track machine logged as functioning normally during the latest periodic check.,Low,Low,6,Normal
SSIG,Signal equipment check completed as part of the regular inspection cycle.,Low,Medium,14,Normal
ETMR,Severe track misalignment detected posing derailment risk; immediate correction needed.,Medium,High,-1,Critical
OTHR,Minor miscellaneous issue noted during inspection; can be addressed within the week.,Medium,Medium,2,Urgent
EOMT,Unsafe material train loading condition reported at the yard; immediate corrective action required.,High,Medium,-5,Critical
TOHE,OHE tension irregularity detected on the corridor; needs prompt corrective maintenance.,High,Medium,2,Critical
ETMR,Slight track unevenness observed on routine patrol; repair can be planned within the week.,Medium,Medium,3,Urgent
TPWR,"OHE wire snapped near the station yard, posing immediate electrocution and traffic hazard; urgent power block required.",Medium,High,-5,Critical
TREP,Minor electrical fault noted during inspection; repair can be planned within the week.,Medium,High,0,Urgent
SSIG,Standard signal equipment check completed with no issues found.,Low,Low,13,Normal
SSIG,Signal equipment showing minor irregularities during routine check; can be addressed in the coming days.,Medium,High,0,Urgent
TPWR,Traction power system fault has left the section without power supply; immediate restoration required.,High,High,-5,Critical
SSIG,Routine signal maintenance as per periodic inspection calendar.,Medium,Low,12,Normal
ETMR,Track maintenance logged as completed under the regular upkeep cycle.,Low,High,11,Moderate
ERRL,Rail condition monitored as slightly below standard; renewal can be addressed in the coming days.,Medium,High,6,Urgent
SREP,Routine signalling equipment upkeep as per periodic schedule.,Medium,Low,11,Normal
STEL,Telecom equipment showing frequent connectivity drops affecting coordination; urgent attention needed.,High,Low,1,Urgent
TOHE,Routine OHE cleaning and inspection as per periodic schedule.,Medium,Low,12,Normal
TOHE,Standard OHE upkeep carried out under regular maintenance programme.,Medium,Medium,6,Moderate
ERRL,Critical rail defect identified during ultrasonic testing; immediate renewal necessary for safe operations.,High,High,-2,Critical
SREP,Signalling relay malfunction detected; urgent repair needed to avoid service impact.,High,High,1,Critical
OTHR,Unclassified infrastructure fault poses an immediate safety concern; urgent action required.,Medium,High,-2,Critical
OTHR,Minor miscellaneous issue noted during inspection; can be addressed within the week.,Medium,Medium,0,Urgent
TREP,Major electrical fault detected in traction substation equipment; immediate repair required to prevent outage.,Medium,High,-4,Critical
SREP,Signalling equipment fault at a key location is affecting safe train working; immediate repair required.,Medium,High,-1,Critical
ETMR,Routine track patrol maintenance as per periodic schedule.,Low,Low,6,Normal
OTHR,Standard general maintenance check completed with no issues found.,Low,Low,7,Normal
ETMR,Standard track upkeep carried out as part of regular maintenance cycle.,Low,Medium,12,Normal
TREP,Electrical equipment showing minor performance dip; can be addressed in the coming days.,Medium,High,4,Urgent
ETMR,Track surface slightly uneven per latest patrol; can be addressed in the coming days.,Medium,Medium,0,Urgent
STEL,Routine telecom equipment testing as per maintenance calendar.,Low,Medium,14,Normal
TREP,Electrical equipment malfunction causing intermittent traction supply issues; urgent repair required.,High,High,1,Critical
TOHE,OHE insulator failure causing sparking incidents; immediate maintenance required to avoid service disruption.,High,High,-4,Critical
ETMR,Track surface slightly uneven per latest patrol; can be addressed in the coming days.,Medium,High,4,Urgent
SREP,Signalling equipment check completed under the regular maintenance cycle.,Medium,Low,14,Normal
ERRL,Severe rail fracture detected on the running line; immediate replacement required to prevent derailment.,Medium,Medium,-3,Critical
ERRL,Scheduled rail replacement under normal asset renewal programme.,Low,Medium,3,Moderate
SSIG,Signal equipment showing minor irregularities during routine check; can be addressed in the coming days.,Low,High,5,Urgent
STEL,Telecom equipment check completed under the regular maintenance schedule.,Low,Low,3,Normal
TPWR,Sudden traction power failure has halted electric train operations; immediate restoration required.,Medium,Low,-1,Urgent
ETMR,Routine track patrol maintenance as per periodic schedule.,Medium,Low,14,Normal
SREP,Minor signalling equipment fault noted; repair can be planned within the week.,Medium,Medium,7,Moderate
ETMW,"Scheduled track machine servicing due; minor calibration drift observed, can be addressed in the coming days.",Low,Medium,3,Moderate
SREP,Routine signalling equipment upkeep as per periodic schedule.,Low,Low,11,Normal
ETMR,Minor track geometry deviation noted during inspection; can be addressed in the coming days.,Low,High,7,Moderate
STEL,Telecom equipment check completed under the regular maintenance schedule.,Medium,Low,14,Normal
ETMR,Slight track unevenness observed on routine patrol; repair can be planned within the week.,Medium,High,2,Urgent
ERRL,Routine rail renewal as part of periodic asset lifecycle replacement.,Low,Low,7,Normal
ETMW,Track machine logged as functioning normally during the latest periodic check.,Medium,Low,12,Normal
EOMT,Material train movement scheduling conflict with regular traffic; can be resolved in the coming days.,Medium,High,4,Urgent
TOHE,OHE component slightly below standard condition; can be addressed in the coming days.,Low,High,0,Urgent
TREP,Minor electrical fault noted during inspection; repair can be planned within the week.,Low,Low,6,Moderate
STEL,Standard telecom equipment check completed under periodic maintenance.,Medium,Medium,7,Moderate
STEL,Routine telecom equipment testing as per maintenance calendar.,Medium,High,10,Moderate
ERRL,Severe rail fracture detected on the running line; immediate replacement required to prevent derailment.,High,Low,-1,Critical
TOHE,OHE conductor damage found posing an immediate safety hazard; urgent maintenance required.,High,Low,-2,Critical
TOHE,OHE conductor damage found posing an immediate safety hazard; urgent maintenance required.,Medium,Low,-3,Urgent
TPWR,Traction power equipment showing slight deviation from standard; can be addressed in the coming days.,Low,High,0,Urgent
ERRL,Rail section nearing renewal threshold as per condition monitoring; can be addressed in the coming days.,Low,Low,1,Moderate
TPWR,Traction power system logged as normal during the latest periodic check.,Low,Medium,12,Normal
ERRL,Rail crack found extending across the running surface; immediate replacement required to prevent failure.,High,Medium,-5,Critical
ETMR,Track alignment fault found during inspection; urgent correction recommended.,High,Low,1,Urgent
EOMT,Standard material train scheduling update for periodic track renewal work.,Low,High,10,Moderate
TOHE,Routine OHE cleaning and inspection as per periodic schedule.,Low,Low,7,Normal
SSIG,Signal system fault has disrupted safe train working; immediate rectification required.,Medium,Low,0,Urgent
EOMT,Material train movement obstruction reported affecting adjacent line clearance; requires urgent attention.,High,High,2,Critical
SREP,Point machine failure at a critical junction affecting train safety; immediate repair required.,High,High,-2,Critical
ERRL,Rail section nearing renewal threshold as per condition monitoring; can be addressed in the coming days.,Low,Low,2,Moderate
ERRL,Routine rail renewal as part of periodic asset lifecycle replacement.,Low,Low,8,Normal
ETMR,Track maintenance logged as completed under the regular upkeep cycle.,Low,Medium,14,Normal
TOHE,OHE alignment issue detected affecting current collection; urgent maintenance recommended.,High,Medium,2,Critical
ETMW,Track machine performance slightly below standard; servicing can be planned within the week.,Medium,Low,1,Moderate
ETMR,Routine track patrol maintenance as per periodic schedule.,Low,Low,10,Normal
EOMT,Standard material train scheduling update for periodic track renewal work.,Low,High,7,Moderate
TREP,Electrical equipment fault at the substation has caused a loss of supply; immediate repair required.,High,High,-2,Critical
EOMT,Material train logistics reviewed as part of routine planning; no issues found.,Low,Medium,9,Moderate
TPWR,Sudden traction power failure has halted electric train operations; immediate restoration required.,High,Low,0,Critical
ERRL,Routine rail renewal as part of periodic asset lifecycle replacement.,Medium,Medium,4,Moderate
TPWR,Scheduled traction power equipment check showing early wear signs; can be addressed in the coming days.,Medium,Low,1,Moderate
ETMW,"Track machine fault occurred while occupying the running line, creating an unsafe condition for oncoming trains; immediate action required.",Medium,Low,-3,Urgent
STEL,Standard telecom equipment check completed under periodic maintenance.,Medium,Low,12,Normal
OTHR,Routine miscellaneous upkeep task as per maintenance calendar.,Low,Low,4,Normal
SREP,Signalling equipment condition slightly below standard; can be addressed in the coming days.,Medium,High,5,Urgent
ETMW,"Track machine fault occurred while occupying the running line, creating an unsafe condition for oncoming trains; immediate action required.",High,Medium,-1,Critical
EOMT,Standard material train scheduling update for periodic track renewal work.,Low,Low,14,Normal
TREP,Standard electrical equipment check completed under periodic maintenance.,Low,Medium,14,Normal
SREP,Signalling equipment showing intermittent faults affecting reliability; urgent repair recommended.,High,Low,2,Urgent
EOMT,Standard material train scheduling update for periodic track renewal work.,Medium,High,5,Urgent
OTHR,Minor miscellaneous issue noted during inspection; can be addressed within the week.,Medium,High,7,Urgent
ERRL,Rail corrugation exceeding safe limits detected on the section; replacement recommended urgently.,Medium,Medium,1,Urgent
TPWR,Routine traction power system inspection as per maintenance calendar.,Medium,Medium,8,Moderate
SSIG,Signal equipment check completed as part of the regular inspection cycle.,Low,High,14,Moderate
SREP,Minor signalling equipment fault noted; repair can be planned within the week.,Medium,Medium,2,Urgent
TPWR,"OHE wire snapped near the station yard, posing immediate electrocution and traffic hazard; urgent power block required.",High,High,0,Critical
EOMT,Material train derailment risk identified due to loose ballast on the approach; immediate clearance needed.,High,High,-4,Critical
SSIG,Signal failure at the junction causing manual working; immediate rectification required to restore safe operations.,High,Medium,-4,Critical
SREP,Point machine failure at a critical junction affecting train safety; immediate repair required.,High,High,0,Critical
ETMR,Slight track unevenness observed on routine patrol; repair can be planned within the week.,Medium,Medium,2,Urgent
TPWR,Periodic traction power equipment check completed with no issues found.,Low,Medium,12,Normal
SSIG,Signal aspect malfunction posing safety risk to train movement; immediate correction required.,Medium,Medium,-4,Critical
ETMW,Routine preventive check of track machine as per maintenance calendar; no anomalies reported.,Medium,High,6,Moderate
SREP,Standard signalling equipment check completed under regular maintenance.,Medium,Medium,5,Moderate
TOHE,Minor OHE wear detected during inspection; maintenance can be planned within the week.,Low,High,2,Urgent
TPWR,Sudden traction power failure has halted electric train operations; immediate restoration required.,High,Medium,-3,Critical
SSIG,Signal aspect malfunction posing safety risk to train movement; immediate correction required.,High,Low,0,Critical
ERRL,Rail wear pattern approaching the replacement limit; urgent renewal recommended.,Medium,High,2,Critical
OTHR,Unclassified infrastructure fault poses an immediate safety concern; urgent action required.,High,Low,-1,Critical
STEL,Telecom equipment check completed under the regular maintenance schedule.,Medium,Low,3,Moderate
SREP,Signalling equipment failure detected at a key interlocking point; immediate repair necessary for safe operations.,High,Low,-5,Critical
EOMT,Standard material train scheduling update for periodic track renewal work.,Low,Medium,11,Normal
ETMW,Track machine logged as functioning normally during the latest periodic check.,Low,High,11,Moderate
SREP,Minor signalling equipment fault noted; repair can be planned within the week.,Low,Medium,2,Moderate
ERRL,Rail section nearing renewal threshold as per condition monitoring; can be addressed in the coming days.,Medium,High,2,Urgent
TREP,Minor electrical fault noted during inspection; repair can be planned within the week.,Low,High,0,Urgent
ERRL,Routine rail renewal as part of periodic asset lifecycle replacement.,Low,Medium,12,Normal
SSIG,Standard signal equipment check completed with no issues found.,Low,Low,11,Normal
SSIG,Signal equipment condition slightly below standard; can be addressed in the coming days.,Low,Medium,1,Moderate
EOMT,Material train movement scheduling conflict with regular traffic; can be resolved in the coming days.,Medium,Low,6,Moderate
STEL,Telecom equipment performance degradation noted; can be addressed in the coming days.,Medium,Medium,1,Urgent
SREP,Signalling equipment check completed under the regular maintenance cycle.,Low,Low,12,Normal
SREP,Signalling equipment showing intermittent faults affecting reliability; urgent repair recommended.,Medium,Medium,2,Urgent
ETMW,Track machine logged as functioning normally during the latest periodic check.,Medium,Low,3,Moderate
TOHE,Routine OHE cleaning and inspection as per periodic schedule.,Low,Low,11,Normal
TOHE,OHE contact wire severely worn and at risk of snapping; immediate maintenance necessary.,Medium,Medium,-2,Critical
TPWR,"OHE wire snapped near the station yard, posing immediate electrocution and traffic hazard; urgent power block required.",High,Medium,-4,Critical
TREP,Electrical equipment servicing logged as completed under the regular schedule.,Low,Medium,11,Normal
SREP,Signalling equipment fault detected affecting reliability; urgent repair recommended.,High,High,2,Critical
STEL,Total loss of telecom connectivity on the section disrupting coordination; immediate restoration necessary.,Medium,High,-4,Critical
SSIG,Intermittent signal aspect faults reported; urgent maintenance needed to prevent failure.,High,High,2,Critical
TPWR,Scheduled traction power equipment check showing early wear signs; can be addressed in the coming days.,Medium,High,1,Urgent
ERRL,Scheduled rail replacement under normal asset renewal programme.,Medium,High,12,Moderate
TOHE,Minor OHE wear detected during inspection; maintenance can be planned within the week.,Medium,Low,3,Moderate
SSIG,Signal relay showing erratic behaviour affecting reliability; urgent maintenance recommended.,High,Medium,1,Critical
SSIG,Signal failure at the junction causing manual working; immediate rectification required to restore safe operations.,Medium,High,-5,Critical
TOHE,OHE tension irregularity detected on the corridor; needs prompt corrective maintenance.,High,High,2,Critical
ERRL,Rail section nearing renewal threshold as per condition monitoring; can be addressed in the coming days.,Medium,Low,3,Moderate
TPWR,Routine traction power system inspection as per maintenance calendar.,Medium,Medium,14,Moderate
SREP,Signalling equipment condition slightly below standard; can be addressed in the coming days.,Medium,Low,2,Moderate
SSIG,Standard signal equipment check completed with no issues found.,Medium,Low,12,Normal
ETMR,Track geometry failure detected posing an immediate derailment risk; urgent repair required.,Medium,Medium,-1,Critical
STEL,Standard telecom equipment check completed under periodic maintenance.,Low,Low,6,Normal
OTHR,General maintenance item found slightly below standard; can be addressed in the coming days.,Medium,High,4,Urgent
TREP,Routine electrical equipment servicing as per maintenance schedule.,Low,Low,10,Normal
ETMW,Track machine breakdown during possession has left the rail section unsafe for train movement; immediate rectification required.,Medium,High,-3,Critical
ETMW,"Track machine fault occurred while occupying the running line, creating an unsafe condition for oncoming trains; immediate action required.",Medium,High,-2,Critical
SSIG,Signal equipment condition slightly below standard; can be addressed in the coming days.,Low,Medium,7,Moderate
ETMW,Track machine logged as functioning normally during the latest periodic check.,Medium,Low,14,Normal
OTHR,General maintenance check completed under the regular schedule.,Medium,Medium,4,Moderate
ETMW,Track machine calibration slightly off standard; can be addressed in the coming days.,Low,High,5,Urgent
SREP,Minor signalling equipment fault noted; repair can be planned within the week.,Low,Low,4,Moderate
ETMR,Routine track patrol maintenance as per periodic schedule.,Low,Low,8,Normal
TOHE,OHE inspection completed as part of the regular maintenance programme.,Low,Low,7,Normal
TPWR,Routine traction power system inspection as per maintenance calendar.,Medium,Medium,9,Moderate
ERRL,Severe rail fracture detected on the running line; immediate replacement required to prevent derailment.,High,Low,-3,Critical
ERRL,Severe rail fracture detected on the running line; immediate replacement required to prevent derailment.,High,High,-1,Critical
STEL,Telecom equipment check completed under the regular maintenance schedule.,Medium,Low,10,Normal
TOHE,OHE tension irregularity detected on the corridor; needs prompt corrective maintenance.,High,Medium,1,Critical
ETMW,Track tamping machine malfunction causing irregular track geometry; requires urgent repair before next scheduled traffic.,Medium,High,2,Critical
ETMW,Periodic track machine inspection completed as scheduled; equipment functioning normally.,Medium,Low,10,Normal
TPWR,Routine traction power system inspection as per maintenance calendar.,Low,High,7,Moderate
ERRL,Severe rail fracture detected on the running line; immediate replacement required to prevent derailment.,High,Medium,-3,Critical
TPWR,Sudden traction power failure has halted electric train operations; immediate restoration required.,Medium,Low,-2,Urgent
ETMR,Routine track patrol maintenance as per periodic schedule.,Low,Medium,13,Normal
SSIG,Signal aspect malfunction posing safety risk to train movement; immediate correction required.,High,High,-3,Critical
ERRL,Rail segment renewed as part of the standard asset lifecycle programme.,Low,High,5,Moderate
SREP,Signalling equipment fault at a key location is affecting safe train working; immediate repair required.,Medium,Medium,-5,Critical
ETMW,Track machine logged as functioning normally during the latest periodic check.,Medium,High,4,Urgent
ETMW,Routine preventive check of track machine as per maintenance calendar; no anomalies reported.,Medium,Medium,8,Moderate
SSIG,Signal relay showing erratic behaviour affecting reliability; urgent maintenance recommended.,High,High,1,Critical
ERRL,Critical rail defect identified during ultrasonic testing; immediate renewal necessary for safe operations.,Medium,Medium,-5,Critical
TREP,Major electrical fault detected in traction substation equipment; immediate repair required to prevent outage.,Medium,Medium,-5,Critical
SREP,Signalling equipment showing wear during inspection; can be addressed in the coming days.,Low,Medium,7,Moderate
ERRL,Critical rail defect identified during ultrasonic testing; immediate renewal necessary for safe operations.,High,High,-5,Critical
TREP,Electrical equipment malfunction causing intermittent traction supply issues; urgent repair required.,Medium,Medium,2,Urgent
TREP,Major electrical fault detected in traction substation equipment; immediate repair required to prevent outage.,High,Low,-1,Critical
OTHR,General maintenance item found slightly below standard; can be addressed in the coming days.,Low,Medium,1,Moderate
SREP,Signalling equipment failure detected at a key interlocking point; immediate repair necessary for safe operations.,Medium,High,-2,Critical
SREP,Point machine failure at a critical junction affecting train safety; immediate repair required.,High,Low,-4,Critical
ETMW,Track machine logged as functioning normally during the latest periodic check.,Medium,Medium,14,Moderate
OTHR,General maintenance item found slightly below standard; can be addressed in the coming days.,Medium,High,5,Urgent
TOHE,OHE component slightly below standard condition; can be addressed in the coming days.,Low,High,4,Urgent
EOMT,Material train derailment risk identified due to loose ballast on the approach; immediate clearance needed.,High,Low,-5,Critical
ETMW,Routine preventive check of track machine as per maintenance calendar; no anomalies reported.,Low,Medium,5,Moderate
SREP,Signalling equipment fault detected affecting reliability; urgent repair recommended.,High,Medium,1,Critical
STEL,Minor telecom connectivity issue observed during inspection; can be resolved within the week.,Low,Medium,1,Moderate
OTHR,Standard general maintenance check completed with no issues found.,Medium,Medium,12,Moderate
SSIG,Signal equipment check completed as part of the regular inspection cycle.,Medium,Medium,10,Moderate
STEL,Standard telecom equipment check completed under periodic maintenance.,Low,Low,14,Normal
TREP,Minor electrical fault noted during inspection; repair can be planned within the week.,Low,Medium,5,Moderate
TOHE,OHE alignment issue detected affecting current collection; urgent maintenance recommended.,Medium,Medium,2,Urgent
ERRL,Scheduled rail replacement under normal asset renewal programme.,Medium,Low,10,Normal
TOHE,OHE conductor damage found posing an immediate safety hazard; urgent maintenance required.,Medium,High,-5,Critical
TREP,Routine electrical equipment servicing as per maintenance schedule.,Low,Low,8,Normal
SREP,Standard signalling equipment check completed under regular maintenance.,Medium,High,14,Moderate
ETMR,Track buckling reported due to extreme heat; immediate repair required for safe train passage.,High,Low,-1,Critical
TPWR,Traction power parameters slightly outside normal range; can be corrected within the week.,Low,High,4,Urgent
ERRL,Scheduled rail replacement under normal asset renewal programme.,Low,Low,13,Normal
TPWR,Sudden traction power failure has halted electric train operations; immediate restoration required.,Medium,Medium,-4,Critical
ETMW,Periodic track machine inspection completed as scheduled; equipment functioning normally.,Medium,Low,6,Moderate
EOMT,Routine material train logistics coordination for upcoming ballast supply.,Medium,High,4,Urgent
EOMT,Material train scheduling clash is delaying track possession; needs urgent resolution.,Medium,Medium,1,Urgent
STEL,Standard telecom equipment check completed under periodic maintenance.,Low,Medium,12,Normal
ERRL,Rail condition monitored as slightly below standard; renewal can be addressed in the coming days.,Medium,Low,6,Moderate
TOHE,Standard OHE upkeep carried out under regular maintenance programme.,Medium,Medium,7,Moderate
SSIG,Signal equipment condition slightly below standard; can be addressed in the coming days.,Low,Medium,0,Moderate
TPWR,Traction power system fault has left the section without power supply; immediate restoration required.,High,High,0,Critical
OTHR,Minor miscellaneous issue noted during inspection; can be addressed within the week.,Low,Low,7,Moderate
ETMW,Periodic track machine inspection completed as scheduled; equipment functioning normally.,Low,Low,6,Normal
ERRL,Scheduled rail replacement under normal asset renewal programme.,Low,Low,5,Normal
TPWR,Sudden traction power failure has halted electric train operations; immediate restoration required.,Medium,Low,-3,Urgent
SSIG,Signal equipment condition slightly below standard; can be addressed in the coming days.,Medium,High,0,Urgent
TOHE,Minor OHE wear detected during inspection; maintenance can be planned within the week.,Low,High,0,Urgent
ETMR,Standard track upkeep carried out as part of regular maintenance cycle.,Medium,Low,7,Moderate
TOHE,OHE inspection completed as part of the regular maintenance programme.,Low,Low,13,Normal
ETMR,Track surface slightly uneven per latest patrol; can be addressed in the coming days.,Low,Medium,7,Moderate
ETMR,Track maintenance logged as completed under the regular upkeep cycle.,Medium,Low,7,Moderate
STEL,Standard telecom equipment check completed under periodic maintenance.,Low,High,8,Moderate
TPWR,"OHE wire snapped near the station yard, posing immediate electrocution and traffic hazard; urgent power block required.",High,Low,-3,Critical
ETMW,Track machine calibration slightly off standard; can be addressed in the coming days.,Low,High,2,Urgent
TREP,Major electrical fault detected in traction substation equipment; immediate repair required to prevent outage.,High,Low,-5,Critical
SSIG,Signal equipment fault detected affecting reliability; urgent maintenance recommended.,High,Medium,2,Critical
OTHR,General maintenance item requiring attention in the coming days.,Low,High,1,Urgent
TOHE,Standard OHE upkeep carried out under regular maintenance programme.,Low,High,10,Moderate
TOHE,OHE inspection completed as part of the regular maintenance programme.,Low,Low,5,Normal
TOHE,OHE alignment issue detected affecting current collection; urgent maintenance recommended.,Medium,Low,1,Urgent
ETMW,"Scheduled track machine servicing due; minor calibration drift observed, can be addressed in the coming days.",Medium,High,4,Urgent
TPWR,Traction power parameters slightly outside normal range; can be corrected within the week.,Medium,High,0,Urgent
STEL,Telecom equipment condition slightly below standard; can be addressed in the coming days.,Medium,High,3,Urgent
TPWR,Traction power system logged as normal during the latest periodic check.,Low,High,3,Moderate
SSIG,Routine signal maintenance as per periodic inspection calendar.,Medium,Low,13,Normal
OTHR,Unclassified infrastructure fault poses an immediate safety concern; urgent action required.,Medium,High,-1,Critical
TOHE,OHE contact wire severely worn and at risk of snapping; immediate maintenance necessary.,High,Medium,-1,Critical
OTHR,Minor miscellaneous issue noted during inspection; can be addressed within the week.,Medium,Medium,3,Urgent
EOMT,Minor delay in material train unloading noted; can be adjusted within the week.,Low,Low,6,Moderate
TREP,Electrical equipment showing minor performance dip; can be addressed in the coming days.,Low,High,2,Urgent
EOMT,Standard material train scheduling update for periodic track renewal work.,Low,Low,10,Normal
OTHR,Unclassified critical infrastructure issue reported requiring immediate attention.,Medium,High,-4,Critical
SREP,Routine signalling equipment upkeep as per periodic schedule.,Low,Low,14,Normal
EOMT,"Material train loading operation delayed, blocking siding access; needs prompt resolution.",High,Medium,2,Critical
ETMW,Track machine performance slightly below standard; servicing can be planned within the week.,Low,High,2,Urgent
ETMW,Track machine breakdown during possession has left the rail section unsafe for train movement; immediate rectification required.,High,Medium,-3,Critical
ETMR,Track maintenance logged as completed under the regular upkeep cycle.,Low,Low,9,Normal
TOHE,OHE insulator failure causing sparking incidents; immediate maintenance required to avoid service disruption.,High,Medium,-1,Critical
ERRL,Scheduled rail replacement under normal asset renewal programme.,Low,Medium,12,Normal
OTHR,Unclassified critical infrastructure issue reported requiring immediate attention.,Medium,High,-2,Critical
OTHR,General maintenance check completed under the regular schedule.,Medium,Low,13,Normal
TOHE,OHE insulator failure causing sparking incidents; immediate maintenance required to avoid service disruption.,High,Low,0,Critical
SSIG,Signal equipment showing minor irregularities during routine check; can be addressed in the coming days.,Low,Low,2,Moderate
EOMT,Material train stopped unsafely on the running line due to a mechanical issue; immediate clearance required.,Medium,High,-5,Critical
EOMT,Routine material train logistics coordination for upcoming ballast supply.,Medium,Medium,10,Moderate
TPWR,Traction power system logged as normal during the latest periodic check.,Medium,Low,4,Moderate
TPWR,"OHE wire snapped near the station yard, posing immediate electrocution and traffic hazard; urgent power block required.",High,Medium,-5,Critical
SREP,Routine signalling equipment upkeep as per periodic schedule.,Medium,Low,4,Moderate
ERRL,Routine rail renewal as part of periodic asset lifecycle replacement.,Low,Medium,11,Normal
SSIG,Slight signal timing deviation observed; can be corrected within the week.,Medium,Medium,4,Urgent
OTHR,Routine miscellaneous upkeep task as per maintenance calendar.,Medium,Low,11,Normal
OTHR,Standard general maintenance check completed with no issues found.,Low,Low,13,Normal
ETMR,Track surface slightly uneven per latest patrol; can be addressed in the coming days.,Low,Low,4,Moderate
EOMT,Material train stopped unsafely on the running line due to a mechanical issue; immediate clearance required.,High,Medium,-3,Critical
ERRL,Rail crack found extending across the running surface; immediate replacement required to prevent failure.,Medium,High,-3,Critical
TPWR,Periodic traction power equipment check completed with no issues found.,Medium,Low,13,Normal
OTHR,General maintenance check completed under the regular schedule.,Low,High,14,Moderate
STEL,Routine telecom equipment testing as per maintenance calendar.,Low,High,4,Moderate
ETMR,Track maintenance logged as completed under the regular upkeep cycle.,Low,Low,8,Normal
SREP,Signalling equipment fault at a key location is affecting safe train working; immediate repair required.,Medium,Medium,0,Critical
TPWR,Traction power equipment showing slight deviation from standard; can be addressed in the coming days.,Medium,High,2,Urgent
ERRL,Rail condition monitored as slightly below standard; renewal can be addressed in the coming days.,Medium,High,2,Urgent
ETMW,Sudden track machine failure mid-operation has blocked the line unsafely; urgent intervention needed to restore safe passage.,Medium,Low,-1,Urgent
TREP,Major electrical fault detected in traction substation equipment; immediate repair required to prevent outage.,High,High,-5,Critical
TPWR,Scheduled traction power equipment check showing early wear signs; can be addressed in the coming days.,Medium,High,7,Urgent
EOMT,Material train movement scheduling conflict with regular traffic; can be resolved in the coming days.,Medium,Low,3,Moderate
EOMT,Material train logistics reviewed as part of routine planning; no issues found.,Medium,Low,13,Normal
STEL,Routine telecom equipment testing as per maintenance calendar.,Low,High,14,Moderate
ETMR,Track geometry failure detected posing an immediate derailment risk; urgent repair required.,High,Medium,0,Critical
SSIG,Signal equipment fault detected affecting reliability; urgent maintenance recommended.,Medium,High,2,Critical
EOMT,Material train stopped unsafely on the running line due to a mechanical issue; immediate clearance required.,High,High,-1,Critical
TOHE,OHE contact wire severely worn and at risk of snapping; immediate maintenance necessary.,High,Medium,-5,Critical
SREP,Standard signalling equipment check completed under regular maintenance.,Low,Low,12,Normal
TPWR,Routine traction power system inspection as per maintenance calendar.,Low,Low,14,Normal
TPWR,Periodic traction power equipment check completed with no issues found.,Medium,High,5,Urgent
EOMT,Material train movement obstruction reported affecting adjacent line clearance; requires urgent attention.,Medium,Low,2,Urgent
SREP,Routine signalling equipment upkeep as per periodic schedule.,Low,Low,8,Normal
ETMR,Track maintenance logged as completed under the regular upkeep cycle.,Low,Medium,7,Moderate
SREP,Minor signalling equipment fault noted; repair can be planned within the week.,Low,High,2,Urgent
ERRL,Severe rail fracture detected on the running line; immediate replacement required to prevent derailment.,Medium,Medium,-4,Critical
ETMR,Routine track patrol maintenance as per periodic schedule.,Low,Low,13,Normal
SSIG,Signal aspect malfunction posing safety risk to train movement; immediate correction required.,High,Low,-4,Critical
STEL,Telecom equipment check completed under the regular maintenance schedule.,Low,Medium,7,Moderate
OTHR,Standard general maintenance check completed with no issues found.,Medium,High,7,Moderate
TREP,Electrical equipment fault at the substation has caused a loss of supply; immediate repair required.,Medium,Low,-3,Urgent
OTHR,Unclassified maintenance issue is affecting normal operations; urgent attention recommended.,Medium,Medium,1,Urgent
SSIG,Intermittent signal aspect faults reported; urgent maintenance needed to prevent failure.,Medium,Low,1,Urgent
SREP,Standard signalling equipment check completed under regular maintenance.,Low,Low,13,Normal
ETMR,Minor track geometry deviation noted during inspection; can be addressed in the coming days.,Low,High,0,Urgent
STEL,Standard telecom equipment check completed under periodic maintenance.,Low,Low,13,Normal
TREP,Standard electrical equipment check completed under periodic maintenance.,Medium,Medium,7,Moderate
STEL,Complete communication link failure between control office and field staff; immediate restoration required.,High,High,0,Critical
ETMW,"Track machine fault occurred while occupying the running line, creating an unsafe condition for oncoming trains; immediate action required.",Medium,High,0,Critical
TREP,Standard electrical equipment check completed under periodic maintenance.,Low,Medium,7,Moderate
ETMW,Sudden track machine failure mid-operation has blocked the line unsafely; urgent intervention needed to restore safe passage.,Medium,Low,0,Urgent
SSIG,Signal failure at the junction causing manual working; immediate rectification required to restore safe operations.,Medium,Low,-3,Urgent
EOMT,Standard material train scheduling update for periodic track renewal work.,Medium,High,7,Moderate
ETMR,Routine track patrol maintenance as per periodic schedule.,Low,Medium,12,Normal
OTHR,Urgent miscellaneous fault reported with significant safety implications; immediate action required.,High,High,-2,Critical
SREP,Standard signalling equipment check completed under regular maintenance.,Low,Low,11,Normal
TPWR,Periodic traction power equipment check completed with no issues found.,Medium,Low,11,Normal
SSIG,Signal failure at the junction causing manual working; immediate rectification required to restore safe operations.,High,Low,0,Critical
ERRL,Scheduled rail replacement under normal asset renewal programme.,Medium,Low,9,Moderate
EOMT,Minor delay in material train unloading noted; can be adjusted within the week.,Medium,High,4,Urgent
TREP,Major electrical fault detected in traction substation equipment; immediate repair required to prevent outage.,Medium,Low,-2,Urgent
OTHR,General maintenance check completed under the regular schedule.,Low,Low,7,Normal
SSIG,Signal failure at the junction causing manual working; immediate rectification required to restore safe operations.,Medium,Low,-5,Urgent
STEL,Telecom equipment check completed under the regular maintenance schedule.,Low,High,8,Moderate
SREP,Signalling equipment fault at a key location is affecting safe train working; immediate repair required.,Medium,High,-5,Critical
TPWR,Traction power interruption reported on the corridor causing service delays; needs urgent repair.,High,High,1,Critical
TPWR,Traction power system fault has left the section without power supply; immediate restoration required.,High,High,-2,Critical
TPWR,Traction power supply fluctuation affecting multiple sections; requires urgent attention.,Medium,Medium,2,Urgent
OTHR,General infrastructure fault reported requiring urgent attention to avoid disruption.,Medium,Medium,2,Urgent
ETMW,Track machine performance slightly below standard; servicing can be planned within the week.,Medium,Medium,5,Urgent
TOHE,OHE inspection completed as part of the regular maintenance programme.,Medium,Low,10,Normal
ETMW,Routine preventive check of track machine as per maintenance calendar; no anomalies reported.,Low,Low,6,Normal
TPWR,Periodic traction power equipment check completed with no issues found.,Low,Medium,4,Moderate
EOMT,Material train movement obstruction reported affecting adjacent line clearance; requires urgent attention.,Medium,Low,1,Urgent
TOHE,OHE inspection completed as part of the regular maintenance programme.,Low,Low,8,Normal
ETMW,Track tamping machine malfunction causing irregular track geometry; requires urgent repair before next scheduled traffic.,High,High,2,Critical
EOMT,Routine material train logistics coordination for upcoming ballast supply.,Low,Medium,5,Moderate
TREP,Electrical equipment showing minor performance dip; can be addressed in the coming days.,Medium,High,2,Urgent
ETMR,Routine track patrol maintenance as per periodic schedule.,Low,Low,12,Normal
OTHR,General maintenance check completed under the regular schedule.,Low,Low,5,Normal
TOHE,OHE alignment issue detected affecting current collection; urgent maintenance recommended.,High,Medium,1,Critical
TOHE,Standard OHE upkeep carried out under regular maintenance programme.,Low,Low,9,Normal
SREP,Signalling equipment condition slightly below standard; can be addressed in the coming days.,Low,High,4,Urgent
EOMT,Routine material train logistics coordination for upcoming ballast supply.,Medium,Low,10,Normal
TOHE,Minor OHE wear detected during inspection; maintenance can be planned within the week.,Medium,High,5,Urgent
OTHR,General maintenance item requiring attention in the coming days.,Medium,Medium,4,Urgent
SREP,Signalling equipment check completed under the regular maintenance cycle.,Low,Medium,13,Normal
EOMT,Standard material train scheduling update for periodic track renewal work.,Medium,High,10,Moderate
ETMW,Routine preventive check of track machine as per maintenance calendar; no anomalies reported.,Low,Low,11,Normal
TPWR,Traction power equipment showing slight deviation from standard; can be addressed in the coming days.,Low,High,4,Urgent
SREP,Signalling equipment condition slightly below standard; can be addressed in the coming days.,Medium,Low,5,Moderate
ETMR,Track geometry deviation beyond permissible limits found during inspection; urgent repair needed.,Medium,Medium,1,Urgent
TREP,Electrical equipment showing performance degradation; can be addressed in the coming days.,Medium,Medium,3,Urgent
SREP,Routine signalling equipment upkeep as per periodic schedule.,Medium,High,4,Urgent
SREP,Signalling equipment check completed under the regular maintenance cycle.,Low,Low,4,Normal
STEL,Standard telecom equipment check completed under periodic maintenance.,Medium,Medium,11,Moderate
ERRL,Rail condition monitored as slightly below standard; renewal can be addressed in the coming days.,Low,Medium,5,Moderate
ETMW,Track machine breakdown during possession has left the rail section unsafe for train movement; immediate rectification required.,Medium,Low,-1,Urgent
SREP,Signalling equipment check completed under the regular maintenance cycle.,Medium,High,3,Urgent
ETMR,Routine track patrol maintenance as per periodic schedule.,Low,Low,14,Normal
STEL,Telecom equipment showing frequent connectivity drops affecting coordination; urgent attention needed.,Medium,Medium,1,Urgent
ETMW,Sudden track machine failure mid-operation has blocked the line unsafely; urgent intervention needed to restore safe passage.,Medium,Medium,-3,Critical
ERRL,Moderate rail wear observed during routine inspection; renewal can be planned within the week.,Low,High,1,Urgent
EOMT,Material train stopped unsafely on the running line due to a mechanical issue; immediate clearance required.,High,Low,-2,Critical
ETMW,Track machine logged as functioning normally during the latest periodic check.,Medium,High,9,Moderate
TREP,Electrical equipment servicing logged as completed under the regular schedule.,Low,Medium,8,Moderate
TPWR,Sudden traction power failure has halted electric train operations; immediate restoration required.,Medium,High,-3,Critical
STEL,Telecom equipment performance degradation noted; can be addressed in the coming days.,Medium,Medium,5,Urgent
ETMR,Track geometry deviation beyond permissible limits found during inspection; urgent repair needed.,High,High,2,Critical
EOMT,Routine material train logistics coordination for upcoming ballast supply.,Low,High,5,Moderate
ETMR,Standard track upkeep carried out as part of regular maintenance cycle.,Low,Low,10,Normal
ERRL,Rail segment renewed as part of the standard asset lifecycle programme.,Low,Medium,10,Normal
OTHR,Standard general maintenance check completed with no issues found.,Low,Low,14,Normal
ERRL,Scheduled rail replacement under normal asset renewal programme.,Medium,High,11,Moderate
TREP,Electrical equipment fault at the substation has caused a loss of supply; immediate repair required.,High,Low,-3,Critical
ERRL,Scheduled rail replacement under normal asset renewal programme.,Medium,High,3,Urgent
TOHE,OHE alignment issue detected affecting current collection; urgent maintenance recommended.,High,Low,2,Urgent
SSIG,Standard signal equipment check completed with no issues found.,Medium,Low,13,Normal
OTHR,General maintenance item requiring attention in the coming days.,Low,High,3,Urgent
ERRL,Scheduled rail replacement under normal asset renewal programme.,Low,Low,8,Normal
SSIG,Signal equipment showing minor irregularities during routine check; can be addressed in the coming days.,Medium,High,4,Urgent
EOMT,Material train unloading slightly behind schedule; can be resolved in the coming days.,Medium,Low,3,Moderate
ETMW,Track machine showing repeated operational faults affecting maintenance output; needs prompt repair.,High,High,2,Critical
TPWR,Periodic traction power equipment check completed with no issues found.,Low,Low,12,Normal
STEL,Telecom equipment fault is disrupting coordination; urgent repair recommended.,High,Medium,2,Critical
TPWR,Sudden traction power failure has halted electric train operations; immediate restoration required.,High,Medium,0,Critical
TREP,Electrical equipment showing performance degradation; can be addressed in the coming days.,Medium,Low,3,Moderate
STEL,Telecom equipment condition slightly below standard; can be addressed in the coming days.,Low,High,0,Urgent
STEL,Telecom equipment check completed under the regular maintenance schedule.,Medium,Low,12,Normal
EOMT,Standard material train scheduling update for periodic track renewal work.,Low,Medium,12,Normal
SSIG,Signal system fault has disrupted safe train working; immediate rectification required.,Medium,High,-5,Critical
ERRL,Scheduled rail replacement under normal asset renewal programme.,Medium,Medium,6,Moderate
ERRL,Severe rail fracture detected on the running line; immediate replacement required to prevent derailment.,Medium,High,-3,Critical
TREP,Major electrical fault detected in traction substation equipment; immediate repair required to prevent outage.,Medium,High,-2,Critical
OTHR,Unclassified critical infrastructure issue reported requiring immediate attention.,High,Medium,-4,Critical
TOHE,OHE tension irregularity detected on the corridor; needs prompt corrective maintenance.,Medium,Low,2,Urgent
SREP,Signalling equipment fault at a key location is affecting safe train working; immediate repair required.,Medium,Medium,-3,Critical
ERRL,Rail crack found extending across the running surface; immediate replacement required to prevent failure.,High,Low,0,Critical
ETMW,Track machine performance slightly below standard; servicing can be planned within the week.,Medium,Medium,3,Urgent
SSIG,Routine signal maintenance as per periodic inspection calendar.,Low,Medium,8,Moderate
ETMW,"Track machine fault occurred while occupying the running line, creating an unsafe condition for oncoming trains; immediate action required.",High,Medium,-5,Critical
SSIG,Signal equipment condition slightly below standard; can be addressed in the coming days.,Low,Low,1,Moderate
ERRL,Rail segment renewed as part of the standard asset lifecycle programme.,Low,Medium,13,Normal
SSIG,Signal equipment check completed as part of the regular inspection cycle.,Low,Low,13,Normal
STEL,Telecom system failure has cut off communication with the field; immediate restoration required.,Medium,Low,0,Urgent
ETMW,Track tamping machine malfunction causing irregular track geometry; requires urgent repair before next scheduled traffic.,Medium,Low,1,Urgent
ETMW,"Track machine fault occurred while occupying the running line, creating an unsafe condition for oncoming trains; immediate action required.",High,High,-4,Critical
EOMT,Routine material train logistics coordination for upcoming ballast supply.,Low,Low,14,Normal
TREP,Critical electrical panel failure at the substation risking traction power outage; immediate repair needed.,Medium,High,-4,Critical
TOHE,OHE insulator failure causing sparking incidents; immediate maintenance required to avoid service disruption.,High,Low,-3,Critical
SREP,Standard signalling equipment check completed under regular maintenance.,Low,Medium,14,Normal
SREP,Minor signalling equipment fault noted; repair can be planned within the week.,Low,Low,5,Moderate
ETMW,Routine preventive check of track machine as per maintenance calendar; no anomalies reported.,Medium,Low,10,Normal
OTHR,Unclassified critical infrastructure issue reported requiring immediate attention.,Medium,Low,-2,Urgent
TPWR,Traction power equipment showing slight deviation from standard; can be addressed in the coming days.,Medium,Low,3,Moderate
ERRL,Scheduled rail replacement under normal asset renewal programme.,Low,High,5,Moderate
TREP,Electrical equipment showing performance degradation; can be addressed in the coming days.,Low,High,3,Urgent
STEL,Routine telecom equipment testing as per maintenance calendar.,Medium,Low,13,Normal
SSIG,Signal system fault has disrupted safe train working; immediate rectification required.,High,Low,0,Critical
ETMR,Severe track misalignment detected posing derailment risk; immediate correction needed.,Medium,Low,-3,Urgent
SREP,Signalling equipment check completed under the regular maintenance cycle.,Low,Medium,4,Moderate
ETMR,Routine track patrol maintenance as per periodic schedule.,Medium,High,7,Moderate
ETMR,Track geometry failure detected posing an immediate derailment risk; urgent repair required.,Medium,Medium,-2,Critical
STEL,Routine telecom equipment testing as per maintenance calendar.,Low,Medium,11,Normal
STEL,Routine telecom equipment testing as per maintenance calendar.,Low,Low,11,Normal
ETMR,Track alignment fault found during inspection; urgent correction recommended.,Medium,Medium,2,Urgent
SREP,Signalling equipment showing wear during inspection; can be addressed in the coming days.,Medium,Medium,6,Moderate
STEL,Minor telecom connectivity issue observed during inspection; can be resolved within the week.,Low,Medium,0,Moderate
SSIG,Signal aspect malfunction posing safety risk to train movement; immediate correction required.,High,Medium,-5,Critical
TPWR,Traction power system logged as normal during the latest periodic check.,Low,Low,13,Normal
EOMT,Minor delay in material train unloading noted; can be adjusted within the week.,Low,High,1,Urgent
TPWR,Traction power system fault has left the section without power supply; immediate restoration required.,Medium,Low,-3,Urgent
ETMW,Track machine showing repeated operational faults affecting maintenance output; needs prompt repair.,High,Medium,2,Critical
ERRL,Significant rail wear beyond permissible limits identified during inspection; replacement needed soon.,Medium,High,2,Critical
TOHE,OHE component showing early degradation signs; can be addressed in the coming days.,Low,Low,3,Moderate
TOHE,OHE conductor damage found posing an immediate safety hazard; urgent maintenance required.,High,Medium,-3,Critical
STEL,Telecom equipment check completed under the regular maintenance schedule.,Low,Medium,11,Normal
ERRL,Rail crack found extending across the running surface; immediate replacement required to prevent failure.,Medium,Low,-4,Urgent
TPWR,Traction power system logged as normal during the latest periodic check.,Low,Medium,11,Normal
TPWR,Traction power system logged as normal during the latest periodic check.,Medium,Low,10,Normal
ERRL,Rail segment renewed as part of the standard asset lifecycle programme.,Low,High,9,Moderate
TREP,Critical electrical panel failure at the substation risking traction power outage; immediate repair needed.,Medium,Low,-2,Urgent
ETMW,Track machine logged as functioning normally during the latest periodic check.,Medium,Medium,10,Moderate
OTHR,Unclassified critical infrastructure issue reported requiring immediate attention.,High,High,-5,Critical
TREP,Minor electrical fault noted during inspection; repair can be planned within the week.,Medium,High,3,Urgent
STEL,Total loss of telecom connectivity on the section disrupting coordination; immediate restoration necessary.,High,High,0,Critical
OTHR,Minor miscellaneous issue noted during inspection; can be addressed within the week.,Medium,High,4,Urgent
ETMW,Track machine logged as functioning normally during the latest periodic check.,Medium,High,7,Moderate
TREP,Minor electrical fault noted during inspection; repair can be planned within the week.,Medium,Medium,6,Moderate
STEL,Telecom equipment performance degradation noted; can be addressed in the coming days.,Low,Low,1,Moderate
SREP,Standard signalling equipment check completed under regular maintenance.,Medium,High,7,Moderate
TPWR,Scheduled traction power equipment check showing early wear signs; can be addressed in the coming days.,Low,High,0,Urgent
EOMT,Unsafe material train loading condition reported at the yard; immediate corrective action required.,High,Medium,-4,Critical
OTHR,General maintenance item found slightly below standard; can be addressed in the coming days.,Low,High,4,Urgent
TPWR,Periodic traction power equipment check completed with no issues found.,Medium,High,4,Urgent
SSIG,Signal equipment showing minor irregularities during routine check; can be addressed in the coming days.,Medium,Medium,1,Urgent
TPWR,Periodic traction power equipment check completed with no issues found.,Low,Medium,3,Moderate
OTHR,Standard general maintenance check completed with no issues found.,Medium,Low,11,Normal
TPWR,Traction power system logged as normal during the latest periodic check.,Low,Medium,9,Moderate
SSIG,Signal equipment condition slightly below standard; can be addressed in the coming days.,Low,Low,5,Moderate
ETMR,Severe track misalignment detected posing derailment risk; immediate correction needed.,Medium,High,0,Critical
STEL,Telecom system failure has cut off communication with the field; immediate restoration required.,Medium,Low,-4,Urgent
TPWR,Scheduled traction power equipment check showing early wear signs; can be addressed in the coming days.,Medium,Medium,3,Urgent
STEL,Telecom equipment fault is disrupting coordination; urgent repair recommended.,Medium,High,2,Critical
SSIG,Signal system fault has disrupted safe train working; immediate rectification required.,Medium,Medium,-1,Critical
TOHE,Standard OHE upkeep carried out under regular maintenance programme.,Medium,High,7,Moderate
TPWR,Traction power system logged as normal during the latest periodic check.,Low,Low,4,Normal
TPWR,Sudden traction power failure has halted electric train operations; immediate restoration required.,Medium,High,-5,Critical
EOMT,Material train movement scheduling conflict with regular traffic; can be resolved in the coming days.,Medium,High,1,Urgent
SSIG,Routine signal maintenance as per periodic inspection calendar.,Medium,High,4,Urgent
EOMT,Routine material train logistics coordination for upcoming ballast supply.,Low,Low,8,Normal
ETMW,Track machine calibration slightly off standard; can be addressed in the coming days.,Medium,High,2,Urgent
OTHR,General maintenance item requiring attention in the coming days.,Medium,Medium,3,Urgent
ETMW,Routine preventive check of track machine as per maintenance calendar; no anomalies reported.,Low,High,10,Moderate
TOHE,Standard OHE upkeep carried out under regular maintenance programme.,Low,Low,12,Normal
ERRL,Routine rail renewal as part of periodic asset lifecycle replacement.,Medium,Low,5,Moderate
ETMR,Standard track upkeep carried out as part of regular maintenance cycle.,Medium,Low,4,Moderate
TREP,Electrical equipment showing performance degradation; can be addressed in the coming days.,Medium,Medium,2,Urgent
EOMT,Material train logistics reviewed as part of routine planning; no issues found.,Medium,Low,7,Moderate
OTHR,Unclassified critical infrastructure issue reported requiring immediate attention.,Medium,Low,0,Urgent
SSIG,Signal equipment check completed as part of the regular inspection cycle.,Low,Low,5,Normal
ETMW,"Track machine fault occurred while occupying the running line, creating an unsafe condition for oncoming trains; immediate action required.",Medium,Low,-5,Urgent
EOMT,Material train derailment risk identified due to loose ballast on the approach; immediate clearance needed.,Medium,High,-5,Critical
SREP,Signalling equipment check completed under the regular maintenance cycle.,Medium,High,11,Moderate
EOMT,Minor delay in material train unloading noted; can be adjusted within the week.,Low,High,4,Urgent
SSIG,Standard signal equipment check completed with no issues found.,Low,Low,12,Normal
ETMW,"Track machine fault occurred while occupying the running line, creating an unsafe condition for oncoming trains; immediate action required.",Medium,Low,0,Urgent
ETMW,Periodic track machine inspection completed as scheduled; equipment functioning normally.,Medium,Low,13,Normal
TPWR,Traction power system fault has left the section without power supply; immediate restoration required.,High,Low,0,Critical
ETMW,Track machine logged as functioning normally during the latest periodic check.,Low,High,10,Moderate
SSIG,Signal equipment check completed as part of the regular inspection cycle.,Medium,Low,3,Moderate
TREP,Electrical equipment showing performance degradation; can be addressed in the coming days.,Medium,Medium,5,Urgent
TREP,Electrical equipment fault at the substation has caused a loss of supply; immediate repair required.,High,High,-5,Critical
SSIG,Signal system fault has disrupted safe train working; immediate rectification required.,Medium,Medium,-4,Critical
STEL,Communication equipment fault causing intermittent signal loss; urgent repair recommended.,Medium,Medium,2,Urgent
SSIG,Routine signal maintenance as per periodic inspection calendar.,Low,High,5,Moderate
ETMW,Sudden track machine failure mid-operation has blocked the line unsafely; urgent intervention needed to restore safe passage.,High,High,0,Critical
ERRL,Routine rail renewal as part of periodic asset lifecycle replacement.,Low,Low,14,Normal
OTHR,Urgent miscellaneous fault reported with significant safety implications; immediate action required.,Medium,High,0,Critical
SSIG,Routine signal maintenance as per periodic inspection calendar.,Low,Medium,10,Normal
ETMW,Track tamping machine malfunction causing irregular track geometry; requires urgent repair before next scheduled traffic.,Medium,Medium,2,Urgent
ERRL,Significant rail wear beyond permissible limits identified during inspection; replacement needed soon.,High,High,2,Critical
OTHR,Standard general maintenance check completed with no issues found.,Low,Medium,6,Moderate
TPWR,Traction power parameters slightly outside normal range; can be corrected within the week.,Medium,Low,1,Moderate
ETMW,Routine preventive check of track machine as per maintenance calendar; no anomalies reported.,Low,Medium,13,Normal
ETMR,Track geometry failure detected posing an immediate derailment risk; urgent repair required.,Medium,Low,0,Urgent
ETMW,Track tamping machine malfunction causing irregular track geometry; requires urgent repair before next scheduled traffic.,High,High,1,Critical
SSIG,Signal equipment condition slightly below standard; can be addressed in the coming days.,Medium,Low,1,Moderate
TREP,Minor electrical fault noted during inspection; repair can be planned within the week.,Medium,Medium,4,Urgent
TOHE,Routine OHE cleaning and inspection as per periodic schedule.,Low,Low,10,Normal
SSIG,Signal equipment condition slightly below standard; can be addressed in the coming days.,Low,Medium,3,Moderate
TPWR,Traction power supply fluctuation affecting multiple sections; requires urgent attention.,High,Low,2,Urgent
OTHR,Standard general maintenance check completed with no issues found.,Medium,Low,9,Moderate
ETMW,Sudden track machine failure mid-operation has blocked the line unsafely; urgent intervention needed to restore safe passage.,High,Medium,-5,Critical
STEL,Telecom equipment condition slightly below standard; can be addressed in the coming days.,Low,Low,7,Moderate
ETMR,Track surface slightly uneven per latest patrol; can be addressed in the coming days.,Low,High,4,Urgent
ETMR,Track maintenance logged as completed under the regular upkeep cycle.,Low,Low,10,Normal
ERRL,Rail wear pattern approaching the replacement limit; urgent renewal recommended.,Medium,High,1,Critical
OTHR,Routine miscellaneous upkeep task as per maintenance calendar.,Low,Low,3,Normal
TREP,Electrical switchgear fault reported affecting power reliability; urgent repair recommended.,High,Medium,1,Critical
TPWR,Traction power readings fluctuating beyond normal range; urgent correction needed.,High,Medium,2,Critical
ERRL,Rail condition monitored as slightly below standard; renewal can be addressed in the coming days.,Low,High,4,Urgent
OTHR,Unclassified critical infrastructure issue reported requiring immediate attention.,High,Medium,0,Critical
ETMR,Severe track misalignment detected posing derailment risk; immediate correction needed.,High,Low,-4,Critical
ETMW,Track machine breakdown during possession has left the rail section unsafe for train movement; immediate rectification required.,High,Medium,-2,Critical
SREP,Signalling equipment condition slightly below standard; can be addressed in the coming days.,Medium,High,2,Urgent
EOMT,Minor delay in material train unloading noted; can be adjusted within the week.,Medium,Medium,4,Urgent
ETMR,Standard track upkeep carried out as part of regular maintenance cycle.,Low,Medium,11,Normal
SSIG,Standard signal equipment check completed with no issues found.,Low,Low,10,Normal
EOMT,Material train scheduling clash is delaying track possession; needs urgent resolution.,Medium,Low,1,Urgent
SREP,Signalling equipment showing wear during inspection; can be addressed in the coming days.,Medium,Low,3,Moderate
SSIG,Slight signal timing deviation observed; can be corrected within the week.,Medium,Medium,0,Urgent
SSIG,Signal equipment fault detected affecting reliability; urgent maintenance recommended.,High,Medium,1,Critical
ETMW,Recurring track machine faults are affecting the maintenance schedule and need urgent correction.,Medium,Low,2,Urgent
ETMW,Recurring track machine faults are affecting the maintenance schedule and need urgent correction.,Medium,Medium,1,Urgent
EOMT,Material train unloading slightly behind schedule; can be resolved in the coming days.,Low,Low,2,Moderate
ETMW,Periodic track machine inspection completed as scheduled; equipment functioning normally.,Medium,High,9,Moderate
OTHR,Routine miscellaneous upkeep task as per maintenance calendar.,Medium,High,4,Urgent
ETMR,Track maintenance logged as completed under the regular upkeep cycle.,Low,Low,5,Normal
TREP,Routine electrical equipment servicing as per maintenance schedule.,Low,Low,7,Normal
ETMW,Periodic track machine inspection completed as scheduled; equipment functioning normally.,Medium,Low,12,Normal
TREP,Electrical equipment showing minor performance dip; can be addressed in the coming days.,Medium,High,7,Urgent
EOMT,Material train derailment risk identified due to loose ballast on the approach; immediate clearance needed.,Medium,Low,-2,Urgent
STEL,Telecom equipment showing frequent connectivity drops affecting coordination; urgent attention needed.,Medium,Low,1,Urgent
SREP,Standard signalling equipment check completed under regular maintenance.,Low,Low,9,Normal
OTHR,Unclassified infrastructure fault poses an immediate safety concern; urgent action required.,Medium,Medium,-1,Critical
SREP,Routine signalling equipment upkeep as per periodic schedule.,Medium,Low,6,Moderate
SSIG,Signal system fault has disrupted safe train working; immediate rectification required.,High,Medium,-3,Critical
ERRL,Rail corrugation exceeding safe limits detected on the section; replacement recommended urgently.,Medium,Low,2,Urgent
TREP,Electrical equipment showing minor performance dip; can be addressed in the coming days.,Low,Low,3,Moderate
TPWR,Traction power equipment showing slight deviation from standard; can be addressed in the coming days.,Low,High,6,Moderate
TREP,Electrical equipment servicing logged as completed under the regular schedule.,Medium,Medium,14,Moderate
SSIG,Standard signal equipment check completed with no issues found.,Low,Low,6,Normal
EOMT,Material train movement scheduling conflict with regular traffic; can be resolved in the coming days.,Medium,Medium,0,Urgent
EOMT,Material train stopped unsafely on the running line due to a mechanical issue; immediate clearance required.,Medium,Low,-1,Urgent
TPWR,Periodic traction power equipment check completed with no issues found.,Low,Medium,14,Normal
SREP,Signalling equipment condition slightly below standard; can be addressed in the coming days.,Low,Low,4,Moderate
ETMR,Severe track misalignment detected posing derailment risk; immediate correction needed.,Medium,Low,-5,Urgent
EOMT,Material train movement scheduling conflict with regular traffic; can be resolved in the coming days.,Medium,Medium,5,Urgent
ETMR,Track buckling reported due to extreme heat; immediate repair required for safe train passage.,High,High,0,Critical
TPWR,Traction power system fault has left the section without power supply; immediate restoration required.,High,Medium,-2,Critical
OTHR,Urgent miscellaneous fault reported with significant safety implications; immediate action required.,High,High,-4,Critical
EOMT,Material train scheduling clash is delaying track possession; needs urgent resolution.,High,Medium,1,Critical
STEL,Routine telecom equipment testing as per maintenance calendar.,Low,Low,9,Normal
ERRL,Moderate rail wear observed during routine inspection; renewal can be planned within the week.,Medium,Medium,4,Urgent
STEL,Telecom equipment condition slightly below standard; can be addressed in the coming days.,Low,Medium,5,Moderate
TREP,Electrical equipment servicing logged as completed under the regular schedule.,Medium,Medium,4,Moderate
TPWR,Traction power system fault has left the section without power supply; immediate restoration required.,Medium,Medium,-3,Critical
STEL,Telecom system failure has cut off communication with the field; immediate restoration required.,Medium,High,-4,Critical
SREP,Standard signalling equipment check completed under regular maintenance.,Low,Medium,11,Normal
EOMT,Material train stopped unsafely on the running line due to a mechanical issue; immediate clearance required.,Medium,Low,-3,Urgent
TOHE,Routine OHE cleaning and inspection as per periodic schedule.,Low,Medium,4,Moderate
SSIG,Signal equipment check completed as part of the regular inspection cycle.,Low,Medium,11,Normal
STEL,Telecom equipment check completed under the regular maintenance schedule.,Low,Low,8,Normal
ERRL,Critical rail defect identified during ultrasonic testing; immediate renewal necessary for safe operations.,Medium,High,0,Critical
ETMR,Severe track misalignment detected posing derailment risk; immediate correction needed.,High,High,-5,Critical
ETMW,Track machine logged as functioning normally during the latest periodic check.,Medium,Low,6,Moderate
TREP,Minor electrical fault noted during inspection; repair can be planned within the week.,Low,High,3,Urgent
SREP,Signalling equipment fault at a key location is affecting safe train working; immediate repair required.,High,Medium,-2,Critical
SREP,Point machine failure at a critical junction affecting train safety; immediate repair required.,Medium,Low,-5,Urgent
SREP,Signalling relay malfunction detected; urgent repair needed to avoid service impact.,High,Medium,1,Critical
SREP,Point machine failure at a critical junction affecting train safety; immediate repair required.,High,High,-1,Critical
STEL,Telecom system failure has cut off communication with the field; immediate restoration required.,Medium,Medium,-1,Critical
TOHE,Standard OHE upkeep carried out under regular maintenance programme.,Low,Medium,12,Normal
SREP,Signalling equipment failure detected at a key interlocking point; immediate repair necessary for safe operations.,High,Low,-3,Critical
ETMW,Routine preventive check of track machine as per maintenance calendar; no anomalies reported.,Medium,High,10,Moderate
TPWR,Traction power system fault has left the section without power supply; immediate restoration required.,Medium,High,-5,Critical
ETMW,"Track machine fault occurred while occupying the running line, creating an unsafe condition for oncoming trains; immediate action required.",Medium,High,-1,Critical
SSIG,Signal equipment showing minor irregularities during routine check; can be addressed in the coming days.,Medium,Medium,4,Urgent
OTHR,Minor miscellaneous issue noted during inspection; can be addressed within the week.,Medium,High,2,Urgent
TOHE,Standard OHE upkeep carried out under regular maintenance programme.,Low,Low,8,Normal
TOHE,OHE insulator failure causing sparking incidents; immediate maintenance required to avoid service disruption.,Medium,High,-5,Critical
ERRL,Critical rail defect identified during ultrasonic testing; immediate renewal necessary for safe operations.,High,High,-1,Critical
ETMW,Sudden track machine failure mid-operation has blocked the line unsafely; urgent intervention needed to restore safe passage.,High,Low,-5,Critical
ETMR,Track buckling reported due to extreme heat; immediate repair required for safe train passage.,High,Medium,0,Critical
TREP,Standard electrical equipment check completed under periodic maintenance.,Low,Low,12,Normal
TREP,Routine electrical equipment servicing as per maintenance schedule.,Medium,Low,10,Normal
SREP,Signalling equipment showing wear during inspection; can be addressed in the coming days.,Low,Low,4,Moderate
EOMT,Material train derailment risk identified due to loose ballast on the approach; immediate clearance needed.,Medium,Low,-4,Urgent
EOMT,Material train logistics reviewed as part of routine planning; no issues found.,Low,Low,8,Normal
OTHR,Unclassified infrastructure fault poses an immediate safety concern; urgent action required.,Medium,Low,-4,Urgent
ETMW,Sudden track machine failure mid-operation has blocked the line unsafely; urgent intervention needed to restore safe passage.,High,Medium,-2,Critical
ERRL,Scheduled rail replacement under normal asset renewal programme.,Low,High,14,Moderate
ERRL,Rail segment renewed as part of the standard asset lifecycle programme.,Low,Low,10,Normal
STEL,Total loss of telecom connectivity on the section disrupting coordination; immediate restoration necessary.,High,High,-3,Critical
TOHE,Standard OHE upkeep carried out under regular maintenance programme.,Low,Low,13,Normal
ERRL,Rail corrugation exceeding safe limits detected on the section; replacement recommended urgently.,High,High,2,Critical
ETMW,Track machine breakdown during possession has left the rail section unsafe for train movement; immediate rectification required.,Medium,High,-2,Critical
SSIG,Standard signal equipment check completed with no issues found.,Low,High,6,Moderate
ETMR,Minor track geometry deviation noted during inspection; can be addressed in the coming days.,Medium,High,1,Urgent
TOHE,OHE component showing early degradation signs; can be addressed in the coming days.,Medium,Low,2,Moderate
STEL,Routine telecom equipment testing as per maintenance calendar.,Medium,Low,10,Normal
TREP,Minor electrical fault noted during inspection; repair can be planned within the week.,Medium,Low,3,Moderate
SSIG,Signal equipment condition slightly below standard; can be addressed in the coming days.,Low,Low,0,Moderate
ETMW,Routine preventive check of track machine as per maintenance calendar; no anomalies reported.,Low,Medium,12,Normal
EOMT,Material train unloading slightly behind schedule; can be resolved in the coming days.,Medium,High,1,Urgent
SSIG,Signal equipment fault detected affecting reliability; urgent maintenance recommended.,Medium,Medium,1,Urgent
TOHE,OHE component showing early degradation signs; can be addressed in the coming days.,Low,High,3,Urgent
TREP,Minor electrical fault noted during inspection; repair can be planned within the week.,Medium,High,1,Urgent
SREP,Signalling equipment fault at a key location is affecting safe train working; immediate repair required.,Medium,Medium,-1,Critical
TOHE,Routine OHE cleaning and inspection as per periodic schedule.,Low,Low,9,Normal
SREP,Signalling equipment showing wear during inspection; can be addressed in the coming days.,Medium,Low,1,Moderate
EOMT,Material train unloading slightly behind schedule; can be resolved in the coming days.,Low,Low,0,Moderate
SREP,Routine signalling equipment upkeep as per periodic schedule.,Medium,Low,10,Normal
ERRL,Moderate rail wear observed during routine inspection; renewal can be planned within the week.,Low,High,3,Urgent
ERRL,Scheduled rail replacement under normal asset renewal programme.,Low,Low,10,Normal
ETMR,Standard track upkeep carried out as part of regular maintenance cycle.,Medium,Low,14,Normal
TREP,Electrical equipment servicing logged as completed under the regular schedule.,Medium,Low,14,Normal
OTHR,Unclassified critical infrastructure issue reported requiring immediate attention.,High,Low,-3,Critical
ETMW,Track machine breakdown during possession has left the rail section unsafe for train movement; immediate rectification required.,High,Low,-3,Critical
TPWR,Traction power system logged as normal during the latest periodic check.,Low,Low,6,Normal
EOMT,Standard material train scheduling update for periodic track renewal work.,Low,Low,4,Normal
TREP,Major electrical fault detected in traction substation equipment; immediate repair required to prevent outage.,Medium,High,0,Critical
TREP,Minor electrical fault noted during inspection; repair can be planned within the week.,Low,High,5,Urgent
ERRL,Severe rail fracture detected on the running line; immediate replacement required to prevent derailment.,High,Medium,0,Critical
TREP,Routine electrical equipment servicing as per maintenance schedule.,Low,Medium,3,Moderate
SSIG,Signal failure at the junction causing manual working; immediate rectification required to restore safe operations.,Medium,Medium,-2,Critical
SREP,Signalling equipment fault at a key location is affecting safe train working; immediate repair required.,High,Low,-2,Critical
ERRL,Significant rail wear beyond permissible limits identified during inspection; replacement needed soon.,High,Low,1,Urgent
ETMR,Track surface slightly uneven per latest patrol; can be addressed in the coming days.,Medium,High,1,Urgent
TPWR,Traction power system logged as normal during the latest periodic check.,Medium,High,14,Moderate
SSIG,Signal equipment check completed as part of the regular inspection cycle.,Medium,Low,5,Moderate
TOHE,Standard OHE upkeep carried out under regular maintenance programme.,Medium,Low,13,Normal
SREP,Standard signalling equipment check completed under regular maintenance.,Low,Medium,7,Moderate
ETMW,"Scheduled track machine servicing due; minor calibration drift observed, can be addressed in the coming days.",Low,High,5,Urgent
ERRL,Severe rail fracture detected on the running line; immediate replacement required to prevent derailment.,High,Low,-2,Critical
TREP,Standard electrical equipment check completed under periodic maintenance.,Low,High,10,Moderate
ERRL,Routine rail renewal as part of periodic asset lifecycle replacement.,Medium,Low,13,Normal
ETMW,Periodic track machine inspection completed as scheduled; equipment functioning normally.,Medium,High,7,Moderate
EOMT,"Material train loading operation delayed, blocking siding access; needs prompt resolution.",High,Medium,1,Critical
STEL,Telecom system failure has cut off communication with the field; immediate restoration required.,High,High,-1,Critical
ETMW,Recurring track machine faults are affecting the maintenance schedule and need urgent correction.,High,Medium,2,Critical
OTHR,Routine miscellaneous upkeep task as per maintenance calendar.,Low,Low,5,Normal
SSIG,Signal equipment condition slightly below standard; can be addressed in the coming days.,Medium,High,3,Urgent
ETMW,Track machine logged as functioning normally during the latest periodic check.,Low,Medium,10,Normal
ETMR,Standard track upkeep carried out as part of regular maintenance cycle.,Medium,Low,10,Normal
TREP,Electrical equipment showing minor performance dip; can be addressed in the coming days.,Medium,High,6,Urgent
ETMR,Track maintenance logged as completed under the regular upkeep cycle.,Low,Medium,13,Normal
SSIG,Signal failure at the junction causing manual working; immediate rectification required to restore safe operations.,High,Medium,-1,Critical
TOHE,Standard OHE upkeep carried out under regular maintenance programme.,Medium,Low,3,Moderate
SREP,Signalling relay malfunction detected; urgent repair needed to avoid service impact.,Medium,Low,1,Urgent
TPWR,Periodic traction power equipment check completed with no issues found.,Low,Medium,10,Normal
TREP,Electrical equipment servicing logged as completed under the regular schedule.,Medium,Low,10,Normal
EOMT,Standard material train scheduling update for periodic track renewal work.,Medium,Low,14,Normal
STEL,Telecom equipment check completed under the regular maintenance schedule.,Low,Medium,3,Moderate
TREP,Electrical equipment fault at the substation has caused a loss of supply; immediate repair required.,High,High,0,Critical
SSIG,Signal equipment check completed as part of the regular inspection cycle.,Medium,Low,9,Moderate
ETMR,Track maintenance logged as completed under the regular upkeep cycle.,Low,High,7,Moderate
STEL,Communication equipment fault causing intermittent signal loss; urgent repair recommended.,Medium,High,1,Critical
TREP,Electrical equipment fault at the substation has caused a loss of supply; immediate repair required.,High,Low,-2,Critical
ERRL,Rail condition monitored as slightly below standard; renewal can be addressed in the coming days.,Medium,Low,5,Moderate
SREP,Signalling equipment check completed under the regular maintenance cycle.,Low,Low,11,Normal
EOMT,Material train derailment risk identified due to loose ballast on the approach; immediate clearance needed.,Medium,Medium,-3,Critical
SSIG,Signal failure at the junction causing manual working; immediate rectification required to restore safe operations.,Medium,Low,-2,Urgent
SSIG,Signal aspect malfunction posing safety risk to train movement; immediate correction required.,High,Medium,-1,Critical
TPWR,Periodic traction power equipment check completed with no issues found.,Medium,High,13,Moderate
ERRL,Rail crack found extending across the running surface; immediate replacement required to prevent failure.,Medium,High,-2,Critical
TREP,Major electrical fault detected in traction substation equipment; immediate repair required to prevent outage.,High,High,-1,Critical
ETMR,Slight track unevenness observed on routine patrol; repair can be planned within the week.,Medium,High,7,Urgent
ERRL,Scheduled rail replacement under normal asset renewal programme.,Low,Low,11,Normal
STEL,Telecom equipment fault is disrupting coordination; urgent repair recommended.,Medium,Low,1,Urgent
TOHE,Standard OHE upkeep carried out under regular maintenance programme.,Medium,Low,10,Normal
ETMW,Track machine showing repeated operational faults affecting maintenance output; needs prompt repair.,Medium,Medium,2,Urgent
STEL,Telecom equipment check completed under the regular maintenance schedule.,Medium,High,6,Moderate
ETMW,Track machine breakdown during possession has left the rail section unsafe for train movement; immediate rectification required.,Medium,Medium,-2,Critical
ETMW,Track machine calibration slightly off standard; can be addressed in the coming days.,Low,Medium,1,Moderate
OTHR,Urgent miscellaneous fault reported with significant safety implications; immediate action required.,Medium,Medium,-4,Critical
TOHE,OHE insulator failure causing sparking incidents; immediate maintenance required to avoid service disruption.,High,High,-3,Critical
TREP,Electrical equipment fault is affecting supply reliability; urgent repair recommended.,Medium,Low,1,Urgent
TOHE,Standard OHE upkeep carried out under regular maintenance programme.,Medium,High,3,Urgent
SSIG,Signal aspect malfunction posing safety risk to train movement; immediate correction required.,Medium,High,-5,Critical
TREP,Major electrical fault detected in traction substation equipment; immediate repair required to prevent outage.,Medium,Low,0,Urgent
EOMT,Material train unloading slightly behind schedule; can be resolved in the coming days.,Medium,Medium,0,Urgent
ERRL,Rail wear pattern approaching the replacement limit; urgent renewal recommended.,High,High,2,Critical
TPWR,Traction power readings fluctuating beyond normal range; urgent correction needed.,High,High,1,Critical
SSIG,Signal relay showing erratic behaviour affecting reliability; urgent maintenance recommended.,High,High,2,Critical
TOHE,OHE conductor damage found posing an immediate safety hazard; urgent maintenance required.,High,High,-3,Critical
ETMR,Track buckling reported due to extreme heat; immediate repair required for safe train passage.,Medium,Medium,-3,Critical
EOMT,Material train derailment risk identified due to loose ballast on the approach; immediate clearance needed.,High,High,-2,Critical
TPWR,Routine traction power system inspection as per maintenance calendar.,Medium,High,9,Moderate
SREP,Signalling equipment check completed under the regular maintenance cycle.,Low,Low,5,Normal
TOHE,Standard OHE upkeep carried out under regular maintenance programme.,Medium,Medium,12,Moderate
TREP,Electrical equipment fault is affecting supply reliability; urgent repair recommended.,High,High,1,Critical
ETMR,Track alignment fault found during inspection; urgent correction recommended.,High,Low,2,Urgent
ERRL,Rail section nearing renewal threshold as per condition monitoring; can be addressed in the coming days.,Medium,High,4,Urgent
SREP,Routine signalling equipment upkeep as per periodic schedule.,Low,Medium,10,Normal
STEL,Telecom system failure has cut off communication with the field; immediate restoration required.,High,High,-4,Critical
STEL,Communication equipment fault causing intermittent signal loss; urgent repair recommended.,High,Low,2,Urgent
SREP,Signalling equipment condition slightly below standard; can be addressed in the coming days.,Medium,High,0,Urgent
SREP,Signalling equipment showing intermittent faults affecting reliability; urgent repair recommended.,Medium,High,1,Critical
EOMT,Material train unloading slightly behind schedule; can be resolved in the coming days.,Medium,High,0,Urgent
TOHE,OHE component showing early degradation signs; can be addressed in the coming days.,Low,High,5,Urgent
TPWR,Traction power system logged as normal during the latest periodic check.,Medium,High,5,Urgent
SSIG,Signal system fault has disrupted safe train working; immediate rectification required.,High,Medium,0,Critical
TOHE,Standard OHE upkeep carried out under regular maintenance programme.,Medium,High,4,Urgent
SSIG,Signal equipment check completed as part of the regular inspection cycle.,Low,Medium,9,Moderate
EOMT,Material train stopped unsafely on the running line due to a mechanical issue; immediate clearance required.,Medium,Medium,-4,Critical
ETMW,Periodic track machine inspection completed as scheduled; equipment functioning normally.,Low,Low,3,Normal
ETMR,Track surface slightly uneven per latest patrol; can be addressed in the coming days.,Low,Medium,0,Moderate
SSIG,Routine signal maintenance as per periodic inspection calendar.,Low,Low,14,Normal
STEL,Minor telecom connectivity issue observed during inspection; can be resolved within the week.,Low,Medium,5,Moderate
EOMT,Routine material train logistics coordination for upcoming ballast supply.,Low,Low,12,Normal
TPWR,Periodic traction power equipment check completed with no issues found.,Low,Medium,9,Moderate
ERRL,Moderate rail wear observed during routine inspection; renewal can be planned within the week.,Medium,High,4,Urgent
STEL,Minor telecom connectivity issue observed during inspection; can be resolved within the week.,Medium,Medium,5,Urgent
SSIG,Standard signal equipment check completed with no issues found.,Low,Medium,10,Normal
ETMW,Sudden track machine failure mid-operation has blocked the line unsafely; urgent intervention needed to restore safe passage.,High,Low,-4,Critical
TOHE,Standard OHE upkeep carried out under regular maintenance programme.,Medium,High,5,Urgent
TOHE,OHE insulator failure causing sparking incidents; immediate maintenance required to avoid service disruption.,High,Low,-2,Critical
TPWR,Traction power parameters slightly outside normal range; can be corrected within the week.,Medium,High,2,Urgent
ERRL,Critical rail defect identified during ultrasonic testing; immediate renewal necessary for safe operations.,High,Low,-1,Critical
TREP,Standard electrical equipment check completed under periodic maintenance.,Low,High,9,Moderate
TOHE,OHE inspection completed as part of the regular maintenance programme.,Low,Medium,10,Normal
TOHE,Routine OHE cleaning and inspection as per periodic schedule.,Low,Low,14,Normal
TPWR,Scheduled traction power equipment check showing early wear signs; can be addressed in the coming days.,Medium,High,6,Urgent
OTHR,Unclassified critical infrastructure issue reported requiring immediate attention.,High,Medium,-3,Critical
OTHR,General maintenance item found slightly below standard; can be addressed in the coming days.,Low,High,7,Moderate
OTHR,Unclassified critical infrastructure issue reported requiring immediate attention.,Medium,High,-1,Critical
SREP,Signalling equipment check completed under the regular maintenance cycle.,Low,Low,3,Normal
ETMR,Slight track unevenness observed on routine patrol; repair can be planned within the week.,Medium,Low,6,Moderate
ETMR,Slight track unevenness observed on routine patrol; repair can be planned within the week.,Medium,Low,5,Moderate
TPWR,"OHE wire snapped near the station yard, posing immediate electrocution and traffic hazard; urgent power block required.",High,Low,-4,Critical
ETMW,Periodic track machine inspection completed as scheduled; equipment functioning normally.,Low,Low,10,Normal
SSIG,Routine signal maintenance as per periodic inspection calendar.,Low,Medium,12,Normal
TREP,Electrical equipment showing minor performance dip; can be addressed in the coming days.,Low,High,0,Urgent
EOMT,Material train logistics reviewed as part of routine planning; no issues found.,Low,Low,9,Normal
SREP,Signalling equipment showing intermittent faults affecting reliability; urgent repair recommended.,High,Medium,2,Critical
SREP,Signalling equipment failure detected at a key interlocking point; immediate repair necessary for safe operations.,High,Medium,-5,Critical
TOHE,OHE insulator failure causing sparking incidents; immediate maintenance required to avoid service disruption.,Medium,Low,0,Urgent
ETMR,Routine track patrol maintenance as per periodic schedule.,Low,Medium,10,Normal
SREP,Signalling relay malfunction detected; urgent repair needed to avoid service impact.,Medium,High,2,Critical
SSIG,Intermittent signal aspect faults reported; urgent maintenance needed to prevent failure.,High,Low,2,Urgent
TOHE,OHE inspection completed as part of the regular maintenance programme.,Low,Medium,12,Normal
ETMW,Track machine performance slightly below standard; servicing can be planned within the week.,Medium,High,0,Urgent
TREP,Routine electrical equipment servicing as per maintenance schedule.,Low,Medium,11,Normal
TPWR,"OHE wire snapped near the station yard, posing immediate electrocution and traffic hazard; urgent power block required.",Medium,High,-1,Critical
TREP,Standard electrical equipment check completed under periodic maintenance.,Medium,Low,10,Normal
ETMR,Standard track upkeep carried out as part of regular maintenance cycle.,Medium,Medium,3,Moderate
ETMR,Track maintenance logged as completed under the regular upkeep cycle.,Low,Low,11,Normal
SSIG,Signal system fault has disrupted safe train working; immediate rectification required.,Medium,High,-1,Critical
EOMT,Material train derailment risk identified due to loose ballast on the approach; immediate clearance needed.,Medium,High,-1,Critical
OTHR,General maintenance check completed under the regular schedule.,Medium,High,14,Moderate
EOMT,Standard material train scheduling update for periodic track renewal work.,Low,Low,8,Normal
ETMW,Track machine performance slightly below standard; servicing can be planned within the week.,Low,High,5,Urgent
STEL,Complete communication link failure between control office and field staff; immediate restoration required.,High,Low,-4,Critical
STEL,Telecom equipment fault is disrupting coordination; urgent repair recommended.,High,Medium,1,Critical
SREP,Standard signalling equipment check completed under regular maintenance.,Medium,High,6,Moderate
EOMT,Material train logistics reviewed as part of routine planning; no issues found.,Low,Medium,8,Moderate
ERRL,Moderate rail wear observed during routine inspection; renewal can be planned within the week.,Low,Medium,7,Moderate
EOMT,Routine material train logistics coordination for upcoming ballast supply.,Low,Low,6,Normal
STEL,Routine telecom equipment testing as per maintenance calendar.,Low,Medium,10,Normal
SREP,Signalling equipment showing wear during inspection; can be addressed in the coming days.,Low,Medium,3,Moderate
TPWR,Routine traction power system inspection as per maintenance calendar.,Low,High,6,Moderate
TOHE,OHE component showing early degradation signs; can be addressed in the coming days.,Medium,High,3,Urgent
TPWR,"OHE wire snapped near the station yard, posing immediate electrocution and traffic hazard; urgent power block required.",Medium,Low,0,Urgent
OTHR,Routine miscellaneous upkeep task as per maintenance calendar.,Medium,Low,12,Normal
OTHR,Unclassified infrastructure fault poses an immediate safety concern; urgent action required.,High,Low,-3,Critical
SSIG,Standard signal equipment check completed with no issues found.,Medium,Medium,5,Moderate
STEL,Telecom equipment check completed under the regular maintenance schedule.,Medium,High,5,Urgent
EOMT,Material train stopped unsafely on the running line due to a mechanical issue; immediate clearance required.,High,High,-5,Critical
TREP,Standard electrical equipment check completed under periodic maintenance.,Low,Medium,11,Normal
STEL,Minor telecom connectivity issue observed during inspection; can be resolved within the week.,Medium,Medium,4,Urgent
TPWR,Traction power supply fluctuation affecting multiple sections; requires urgent attention.,Medium,Medium,1,Urgent
TOHE,OHE conductor damage found posing an immediate safety hazard; urgent maintenance required.,High,High,-2,Critical
ETMR,Severe track misalignment detected posing derailment risk; immediate correction needed.,High,Low,-5,Critical
SSIG,Signal system fault has disrupted safe train working; immediate rectification required.,High,High,-4,Critical
ETMR,Track geometry failure detected posing an immediate derailment risk; urgent repair required.,Medium,Medium,-5,Critical
EOMT,Routine material train logistics coordination for upcoming ballast supply.,Low,Low,4,Normal
TPWR,Traction power readings fluctuating beyond normal range; urgent correction needed.,Medium,Low,1,Urgent
TREP,Electrical equipment servicing logged as completed under the regular schedule.,Low,Medium,12,Normal
ETMW,Track machine performance slightly below standard; servicing can be planned within the week.,Medium,Low,3,Moderate
EOMT,Minor delay in material train unloading noted; can be adjusted within the week.,Low,Medium,5,Moderate
SSIG,Routine signal maintenance as per periodic inspection calendar.,Medium,Low,14,Normal
OTHR,General maintenance item requiring attention in the coming days.,Low,Low,4,Moderate
ETMW,Track machine logged as functioning normally during the latest periodic check.,Medium,Medium,4,Moderate
SSIG,Signal aspect malfunction posing safety risk to train movement; immediate correction required.,Medium,Low,-3,Urgent
SSIG,Signal equipment showing minor irregularities during routine check; can be addressed in the coming days.,Low,High,3,Urgent
TPWR,Periodic traction power equipment check completed with no issues found.,Low,Low,11,Normal
SREP,Routine signalling equipment upkeep as per periodic schedule.,Low,Low,5,Normal
ETMW,"Scheduled track machine servicing due; minor calibration drift observed, can be addressed in the coming days.",Medium,Medium,4,Urgent
TREP,Electrical equipment fault at the substation has caused a loss of supply; immediate repair required.,Medium,Low,-2,Urgent
ETMR,Significant track misalignment detected affecting ride quality; urgent repair recommended.,High,Medium,2,Critical
OTHR,Unclassified critical infrastructure issue reported requiring immediate attention.,High,High,0,Critical
STEL,Routine telecom equipment testing as per maintenance calendar.,Medium,Low,12,Normal
SREP,Signalling equipment failure detected at a key interlocking point; immediate repair necessary for safe operations.,Medium,Low,-5,Urgent
TPWR,Periodic traction power equipment check completed with no issues found.,Medium,Low,14,Normal
TOHE,Routine OHE cleaning and inspection as per periodic schedule.,Low,Low,4,Normal
TOHE,OHE insulator failure causing sparking incidents; immediate maintenance required to avoid service disruption.,High,Medium,-3,Critical
TREP,Electrical equipment servicing logged as completed under the regular schedule.,Low,Low,14,Normal
SSIG,Signal equipment showing minor irregularities during routine check; can be addressed in the coming days.,Medium,High,5,Urgent
SSIG,Standard signal equipment check completed with no issues found.,Medium,High,4,Urgent
ERRL,Rail corrugation exceeding safe limits detected on the section; replacement recommended urgently.,Medium,High,2,Critical
ETMR,Slight track unevenness observed on routine patrol; repair can be planned within the week.,Medium,Medium,4,Urgent
TPWR,Periodic traction power equipment check completed with no issues found.,Low,High,6,Moderate
ETMW,Track machine logged as functioning normally during the latest periodic check.,Low,Medium,12,Normal
TPWR,Traction power interruption reported on the corridor causing service delays; needs urgent repair.,Medium,Medium,2,Urgent
ERRL,Rail condition monitored as slightly below standard; renewal can be addressed in the coming days.,Medium,Medium,3,Urgent
TREP,Electrical equipment showing minor performance dip; can be addressed in the coming days.,Medium,High,1,Urgent
TREP,Routine electrical equipment servicing as per maintenance schedule.,Low,Low,5,Normal
EOMT,Unsafe material train loading condition reported at the yard; immediate corrective action required.,Medium,Low,-4,Urgent
SREP,Signalling equipment condition slightly below standard; can be addressed in the coming days.,Low,High,2,Urgent
TPWR,Traction power equipment showing slight deviation from standard; can be addressed in the coming days.,Medium,High,0,Urgent
SREP,Signalling relay malfunction detected; urgent repair needed to avoid service impact.,High,Low,1,Urgent
TPWR,Routine traction power system inspection as per maintenance calendar.,Medium,Low,4,Moderate
TPWR,Traction power system fault has left the section without power supply; immediate restoration required.,High,Low,-5,Critical
STEL,Routine telecom equipment testing as per maintenance calendar.,Low,Medium,12,Normal
EOMT,Unsafe material train loading condition reported at the yard; immediate corrective action required.,High,Medium,-1,Critical
TPWR,Routine traction power system inspection as per maintenance calendar.,Low,Medium,11,Normal
SSIG,Signal relay showing erratic behaviour affecting reliability; urgent maintenance recommended.,Medium,High,1,Critical
SSIG,Signal system fault has disrupted safe train working; immediate rectification required.,Medium,Low,-2,Urgent
SSIG,Signal failure at the junction causing manual working; immediate rectification required to restore safe operations.,Medium,Low,-1,Urgent
TPWR,Traction power system fault has left the section without power supply; immediate restoration required.,Medium,Low,0,Urgent
SREP,Point machine failure at a critical junction affecting train safety; immediate repair required.,High,Low,-3,Critical
TOHE,OHE component slightly below standard condition; can be addressed in the coming days.,Medium,Low,1,Moderate
TOHE,Standard OHE upkeep carried out under regular maintenance programme.,Medium,Low,9,Moderate
EOMT,Standard material train scheduling update for periodic track renewal work.,Medium,Low,11,Normal
STEL,Telecom system failure has cut off communication with the field; immediate restoration required.,Medium,High,-2,Critical
ETMR,Severe track misalignment detected posing derailment risk; immediate correction needed.,Medium,High,-3,Critical
SREP,Signalling equipment condition slightly below standard; can be addressed in the coming days.,Low,High,1,Urgent
SSIG,Signal system fault has disrupted safe train working; immediate rectification required.,High,Medium,-4,Critical
TREP,Electrical equipment servicing logged as completed under the regular schedule.,Low,Medium,5,Moderate
SSIG,Signal equipment check completed as part of the regular inspection cycle.,Low,Low,9,Normal
TPWR,Traction power system logged as normal during the latest periodic check.,Low,Low,8,Normal
ETMW,Track machine breakdown during possession has left the rail section unsafe for train movement; immediate rectification required.,Medium,Low,0,Urgent
SREP,Signalling equipment failure detected at a key interlocking point; immediate repair necessary for safe operations.,Medium,Low,-2,Urgent
OTHR,General infrastructure fault reported requiring urgent attention to avoid disruption.,High,High,1,Critical
TREP,Standard electrical equipment check completed under periodic maintenance.,Low,Medium,9,Moderate
SREP,Standard signalling equipment check completed under regular maintenance.,Medium,Low,11,Normal
TOHE,Routine OHE cleaning and inspection as per periodic schedule.,Medium,Low,8,Moderate
EOMT,Routine material train logistics coordination for upcoming ballast supply.,Low,Low,9,Normal
ETMW,Sudden track machine failure mid-operation has blocked the line unsafely; urgent intervention needed to restore safe passage.,Medium,High,-4,Critical
TPWR,Periodic traction power equipment check completed with no issues found.,Medium,Low,12,Normal
SREP,Signalling equipment check completed under the regular maintenance cycle.,Medium,Medium,5,Moderate
ETMW,Track machine breakdown during possession has left the rail section unsafe for train movement; immediate rectification required.,High,Low,-2,Critical
TPWR,Sudden traction power failure has halted electric train operations; immediate restoration required.,High,Low,-4,Critical
ETMR,Track buckling reported due to extreme heat; immediate repair required for safe train passage.,High,Low,-3,Critical
TOHE,Routine OHE cleaning and inspection as per periodic schedule.,Medium,High,5,Urgent
STEL,Telecom equipment performance degradation noted; can be addressed in the coming days.,Medium,Medium,4,Urgent
SSIG,Signal system fault has disrupted safe train working; immediate rectification required.,Medium,Low,-3,Urgent
SREP,Signalling equipment failure detected at a key interlocking point; immediate repair necessary for safe operations.,High,Medium,-1,Critical
SREP,Minor signalling equipment fault noted; repair can be planned within the week.,Medium,Medium,4,Urgent
ETMR,Standard track upkeep carried out as part of regular maintenance cycle.,Low,Low,14,Normal
STEL,Total loss of telecom connectivity on the section disrupting coordination; immediate restoration necessary.,Medium,Low,0,Urgent
ETMR,Severe track misalignment detected posing derailment risk; immediate correction needed.,Medium,Low,-2,Urgent
SREP,Minor signalling equipment fault noted; repair can be planned within the week.,Low,High,0,Urgent
ETMW,Periodic track machine inspection completed as scheduled; equipment functioning normally.,Medium,High,12,Moderate
TPWR,Traction power readings fluctuating beyond normal range; urgent correction needed.,Medium,Medium,1,Urgent
STEL,Total loss of telecom connectivity on the section disrupting coordination; immediate restoration necessary.,Medium,Low,-5,Urgent
STEL,Telecom system failure has cut off communication with the field; immediate restoration required.,High,High,-3,Critical
ETMW,Routine preventive check of track machine as per maintenance calendar; no anomalies reported.,Low,Low,3,Normal
TREP,Electrical equipment fault is affecting supply reliability; urgent repair recommended.,Medium,High,2,Critical
EOMT,Material train scheduling clash is delaying track possession; needs urgent resolution.,Medium,High,2,Critical
ETMR,Routine track patrol maintenance as per periodic schedule.,Low,Low,3,Normal
TPWR,Scheduled traction power equipment check showing early wear signs; can be addressed in the coming days.,Low,High,7,Moderate
STEL,Routine telecom equipment testing as per maintenance calendar.,Low,Medium,8,Moderate
OTHR,General maintenance check completed under the regular schedule.,Low,Medium,10,Normal
ETMW,Periodic track machine inspection completed as scheduled; equipment functioning normally.,Low,Low,11,Normal
TREP,Electrical equipment malfunction causing intermittent traction supply issues; urgent repair required.,Medium,High,2,Critical
SREP,Point machine failure at a critical junction affecting train safety; immediate repair required.,Medium,High,-1,Critical
ETMR,Track geometry deviation beyond permissible limits found during inspection; urgent repair needed.,Medium,Low,2,Urgent
ETMR,Standard track upkeep carried out as part of regular maintenance cycle.,Low,Low,9,Normal
EOMT,Material train movement scheduling conflict with regular traffic; can be resolved in the coming days.,Low,High,5,Urgent
SREP,Standard signalling equipment check completed under regular maintenance.,Medium,Low,4,Moderate
OTHR,Standard general maintenance check completed with no issues found.,Low,Low,9,Normal
TREP,Electrical equipment showing performance degradation; can be addressed in the coming days.,Low,Medium,3,Moderate
EOMT,Unsafe material train loading condition reported at the yard; immediate corrective action required.,Medium,Medium,-1,Critical
ETMW,"Scheduled track machine servicing due; minor calibration drift observed, can be addressed in the coming days.",Low,Low,3,Moderate
EOMT,Standard material train scheduling update for periodic track renewal work.,Medium,Low,10,Normal
STEL,Telecom equipment check completed under the regular maintenance schedule.,Medium,High,3,Urgent
SREP,Routine signalling equipment upkeep as per periodic schedule.,Low,Low,3,Normal
TPWR,Traction power interruption reported on the corridor causing service delays; needs urgent repair.,Medium,High,2,Critical
ERRL,Critical rail defect identified during ultrasonic testing; immediate renewal necessary for safe operations.,Medium,Medium,0,Critical
EOMT,Unsafe material train loading condition reported at the yard; immediate corrective action required.,Medium,High,-5,Critical
TPWR,Routine traction power system inspection as per maintenance calendar.,Low,Low,4,Normal
STEL,Routine telecom equipment testing as per maintenance calendar.,Medium,Medium,6,Moderate
TOHE,Routine OHE cleaning and inspection as per periodic schedule.,Medium,High,6,Moderate
ERRL,Severe rail fracture detected on the running line; immediate replacement required to prevent derailment.,Medium,Low,-1,Urgent
TPWR,Scheduled traction power equipment check showing early wear signs; can be addressed in the coming days.,Low,High,5,Urgent
TPWR,Traction power interruption reported on the corridor causing service delays; needs urgent repair.,Medium,Low,2,Urgent
TREP,Electrical equipment fault at the substation has caused a loss of supply; immediate repair required.,High,Low,-1,Critical
OTHR,General maintenance check completed under the regular schedule.,Medium,High,5,Urgent
OTHR,Routine miscellaneous upkeep task as per maintenance calendar.,Medium,Medium,8,Moderate
OTHR,Urgent miscellaneous fault reported with significant safety implications; immediate action required.,Medium,High,-3,Critical
TREP,Electrical equipment malfunction causing intermittent traction supply issues; urgent repair required.,High,Medium,2,Critical
ETMW,Track machine performance slightly below standard; servicing can be planned within the week.,Medium,High,6,Urgent
SSIG,Routine signal maintenance as per periodic inspection calendar.,Medium,High,5,Urgent
SSIG,Standard signal equipment check completed with no issues found.,Low,Low,3,Normal
STEL,Routine telecom equipment testing as per maintenance calendar.,Low,High,8,Moderate
STEL,Telecom equipment check completed under the regular maintenance schedule.,Medium,High,4,Urgent
SREP,Routine signalling equipment upkeep as per periodic schedule.,Low,High,11,Moderate
STEL,Telecom equipment condition slightly below standard; can be addressed in the coming days.,Medium,High,5,Urgent
OTHR,Standard general maintenance check completed with no issues found.,Low,High,9,Moderate
TPWR,Periodic traction power equipment check completed with no issues found.,Low,Medium,13,Normal
TOHE,OHE conductor damage found posing an immediate safety hazard; urgent maintenance required.,Medium,High,-3,Critical
STEL,Total loss of telecom connectivity on the section disrupting coordination; immediate restoration necessary.,High,High,-4,Critical
STEL,Minor telecom connectivity issue observed during inspection; can be resolved within the week.,Low,Low,4,Moderate
ERRL,Rail section nearing renewal threshold as per condition monitoring; can be addressed in the coming days.,Low,Medium,7,Moderate
STEL,Telecom equipment fault is disrupting coordination; urgent repair recommended.,High,Low,1,Urgent
OTHR,Miscellaneous maintenance issue with significant operational impact identified.,High,High,2,Critical
TREP,Electrical equipment servicing logged as completed under the regular schedule.,Low,High,11,Moderate
ETMW,Track machine logged as functioning normally during the latest periodic check.,Low,Low,10,Normal
TOHE,OHE conductor damage found posing an immediate safety hazard; urgent maintenance required.,Medium,Low,-2,Urgent
ERRL,Scheduled rail replacement under normal asset renewal programme.,Medium,Medium,7,Moderate
EOMT,Standard material train scheduling update for periodic track renewal work.,Low,Medium,10,Normal
STEL,Routine telecom equipment testing as per maintenance calendar.,Low,Low,13,Normal
EOMT,Material train stopped unsafely on the running line due to a mechanical issue; immediate clearance required.,High,Low,-1,Critical
ETMR,Track buckling reported due to extreme heat; immediate repair required for safe train passage.,Medium,High,-3,Critical
EOMT,Material train logistics reviewed as part of routine planning; no issues found.,Low,Low,10,Normal
TREP,Minor electrical fault noted during inspection; repair can be planned within the week.,Medium,Medium,5,Urgent
OTHR,Unclassified critical infrastructure issue reported requiring immediate attention.,High,Low,-2,Critical
TPWR,"OHE wire snapped near the station yard, posing immediate electrocution and traffic hazard; urgent power block required.",Medium,Medium,-3,Critical
OTHR,Unclassified infrastructure fault poses an immediate safety concern; urgent action required.,High,High,-1,Critical
TOHE,Routine OHE cleaning and inspection as per periodic schedule.,Low,Low,12,Normal
SREP,Signalling equipment showing intermittent faults affecting reliability; urgent repair recommended.,High,High,1,Critical
ERRL,Critical rail defect identified during ultrasonic testing; immediate renewal necessary for safe operations.,High,Low,-2,Critical
SREP,Signalling equipment showing intermittent faults affecting reliability; urgent repair recommended.,Medium,Low,1,Urgent
ETMR,Track geometry failure detected posing an immediate derailment risk; urgent repair required.,High,Medium,-3,Critical
SREP,Signalling equipment showing wear during inspection; can be addressed in the coming days.,Low,High,4,Urgent
TOHE,Minor OHE wear detected during inspection; maintenance can be planned within the week.,Medium,High,1,Urgent
TPWR,Periodic traction power equipment check completed with no issues found.,Low,Low,7,Normal
ETMR,Standard track upkeep carried out as part of regular maintenance cycle.,Low,Low,3,Normal
TREP,Routine electrical equipment servicing as per maintenance schedule.,Low,Medium,14,Normal
TOHE,OHE component showing significant wear affecting current collection; urgent maintenance recommended.,Medium,Medium,1,Urgent
SREP,Signalling equipment fault at a key location is affecting safe train working; immediate repair required.,High,Low,-3,Critical
STEL,Standard telecom equipment check completed under periodic maintenance.,Low,Low,10,Normal
ERRL,Rail section nearing renewal threshold as per condition monitoring; can be addressed in the coming days.,Medium,High,0,Urgent
OTHR,General maintenance check completed under the regular schedule.,Low,High,3,Moderate
TOHE,Standard OHE upkeep carried out under regular maintenance programme.,Low,Medium,13,Normal
ETMW,Routine preventive check of track machine as per maintenance calendar; no anomalies reported.,Medium,Medium,13,Moderate
ETMW,Track machine showing repeated operational faults affecting maintenance output; needs prompt repair.,Medium,High,1,Critical
SREP,Point machine failure at a critical junction affecting train safety; immediate repair required.,High,Low,-2,Critical
TOHE,Routine OHE cleaning and inspection as per periodic schedule.,Low,High,13,Moderate
SSIG,Signal equipment check completed as part of the regular inspection cycle.,Medium,High,3,Urgent
ETMR,Track maintenance logged as completed under the regular upkeep cycle.,Low,High,8,Moderate
TOHE,OHE inspection completed as part of the regular maintenance programme.,Medium,High,5,Urgent
SSIG,Signal equipment check completed as part of the regular inspection cycle.,Medium,Low,10,Normal
ETMW,Track machine logged as functioning normally during the latest periodic check.,Low,Medium,9,Moderate
SREP,Signalling equipment failure detected at a key interlocking point; immediate repair necessary for safe operations.,High,High,-5,Critical
SREP,Minor signalling equipment fault noted; repair can be planned within the week.,Medium,High,5,Urgent
ETMR,Track geometry failure detected posing an immediate derailment risk; urgent repair required.,Medium,High,-4,Critical
TREP,Critical electrical panel failure at the substation risking traction power outage; immediate repair needed.,Medium,Medium,0,Critical
ETMR,Standard track upkeep carried out as part of regular maintenance cycle.,Low,Low,12,Normal
TREP,Critical electrical panel failure at the substation risking traction power outage; immediate repair needed.,High,Medium,-3,Critical
EOMT,Routine material train logistics coordination for upcoming ballast supply.,Low,Medium,14,Normal
TPWR,Routine traction power system inspection as per maintenance calendar.,Medium,High,14,Moderate
ERRL,Rail condition monitored as slightly below standard; renewal can be addressed in the coming days.,Medium,Medium,5,Urgent
EOMT,Material train unloading slightly behind schedule; can be resolved in the coming days.,Low,High,2,Urgent
STEL,Minor telecom connectivity issue observed during inspection; can be resolved within the week.,Medium,Low,1,Moderate
TOHE,Minor OHE wear detected during inspection; maintenance can be planned within the week.,Medium,Medium,3,Urgent
OTHR,Unclassified infrastructure fault poses an immediate safety concern; urgent action required.,Medium,Medium,-5,Critical
ETMW,Track machine logged as functioning normally during the latest periodic check.,Low,Medium,14,Normal
ETMW,Track machine calibration slightly off standard; can be addressed in the coming days.,Low,High,0,Urgent
SSIG,Signal failure at the junction causing manual working; immediate rectification required to restore safe operations.,High,Medium,-5,Critical
ETMW,Track machine logged as functioning normally during the latest periodic check.,Low,Low,3,Normal
TOHE,Minor OHE wear detected during inspection; maintenance can be planned within the week.,Medium,High,2,Urgent
ETMR,Minor track geometry deviation noted during inspection; can be addressed in the coming days.,Medium,High,5,Urgent
ERRL,Routine rail renewal as part of periodic asset lifecycle replacement.,Medium,Low,14,Normal
OTHR,Unclassified critical infrastructure issue reported requiring immediate attention.,High,Medium,-5,Critical
ETMW,"Track machine fault occurred while occupying the running line, creating an unsafe condition for oncoming trains; immediate action required.",High,Low,-3,Critical
EOMT,Standard material train scheduling update for periodic track renewal work.,Low,High,4,Moderate
TOHE,OHE component slightly below standard condition; can be addressed in the coming days.,Medium,Medium,2,Urgent
STEL,Telecom equipment check completed under the regular maintenance schedule.,Low,Medium,9,Moderate
TREP,Critical electrical panel failure at the substation risking traction power outage; immediate repair needed.,High,Medium,-5,Critical
TOHE,Routine OHE cleaning and inspection as per periodic schedule.,Medium,Low,14,Normal
TREP,Minor electrical fault noted during inspection; repair can be planned within the week.,Medium,High,2,Urgent
SSIG,Routine signal maintenance as per periodic inspection calendar.,Low,Medium,9,Moderate
EOMT,Minor delay in material train unloading noted; can be adjusted within the week.,Medium,Medium,0,Urgent
TPWR,Routine traction power system inspection as per maintenance calendar.,Medium,High,3,Urgent
TOHE,Routine OHE cleaning and inspection as per periodic schedule.,Low,Medium,12,Normal
ETMR,Track maintenance logged as completed under the regular upkeep cycle.,Low,Low,7,Normal
OTHR,Urgent miscellaneous fault reported with significant safety implications; immediate action required.,High,High,0,Critical
STEL,Standard telecom equipment check completed under periodic maintenance.,Medium,High,10,Moderate
TPWR,Periodic traction power equipment check completed with no issues found.,Medium,High,7,Moderate
STEL,Telecom system failure has cut off communication with the field; immediate restoration required.,High,Medium,0,Critical
EOMT,Material train logistics reviewed as part of routine planning; no issues found.,Low,High,7,Moderate
ETMR,Slight track unevenness observed on routine patrol; repair can be planned within the week.,Medium,Medium,0,Urgent
SREP,Standard signalling equipment check completed under regular maintenance.,Low,High,14,Moderate
SREP,Minor signalling equipment fault noted; repair can be planned within the week.,Medium,High,6,Urgent
SSIG,Signal equipment condition slightly below standard; can be addressed in the coming days.,Low,High,4,Urgent
ETMR,Standard track upkeep carried out as part of regular maintenance cycle.,Low,High,13,Moderate
TREP,Standard electrical equipment check completed under periodic maintenance.,Low,Medium,12,Normal
TOHE,Routine OHE cleaning and inspection as per periodic schedule.,Low,Medium,13,Normal
SREP,Signalling equipment fault at a key location is affecting safe train working; immediate repair required.,High,High,-2,Critical
STEL,Telecom equipment check completed under the regular maintenance schedule.,Medium,Medium,13,Moderate
ERRL,Critical rail defect identified during ultrasonic testing; immediate renewal necessary for safe operations.,Medium,Low,0,Urgent
ETMR,Routine track patrol maintenance as per periodic schedule.,Medium,Medium,13,Moderate
ETMW,"Scheduled track machine servicing due; minor calibration drift observed, can be addressed in the coming days.",Medium,Medium,3,Urgent
TPWR,Routine traction power system inspection as per maintenance calendar.,Low,Medium,14,Normal
SSIG,Standard signal equipment check completed with no issues found.,Medium,Low,5,Moderate
STEL,Routine telecom equipment testing as per maintenance calendar.,Low,Medium,3,Moderate
TPWR,Routine traction power system inspection as per maintenance calendar.,Medium,Medium,10,Moderate
ERRL,Moderate rail wear observed during routine inspection; renewal can be planned within the week.,Medium,Medium,0,Urgent
TPWR,Routine traction power system inspection as per maintenance calendar.,Medium,Low,10,Normal
STEL,Total loss of telecom connectivity on the section disrupting coordination; immediate restoration necessary.,Medium,High,0,Critical
TPWR,Traction power equipment showing slight deviation from standard; can be addressed in the coming days.,Low,High,1,Urgent
STEL,Minor telecom connectivity issue observed during inspection; can be resolved within the week.,Low,High,4,Urgent
TPWR,Sudden traction power failure has halted electric train operations; immediate restoration required.,High,Low,-5,Critical
SSIG,Signal equipment condition slightly below standard; can be addressed in the coming days.,Medium,High,5,Urgent
SSIG,Routine signal maintenance as per periodic inspection calendar.,Low,Low,3,Normal
STEL,Telecom equipment check completed under the regular maintenance schedule.,Medium,High,14,Moderate
EOMT,"Material train loading operation delayed, blocking siding access; needs prompt resolution.",Medium,Medium,2,Urgent
STEL,Complete communication link failure between control office and field staff; immediate restoration required.,Medium,High,-2,Critical
EOMT,Standard material train scheduling update for periodic track renewal work.,Low,High,8,Moderate
EOMT,Material train movement scheduling conflict with regular traffic; can be resolved in the coming days.,Low,High,4,Urgent
SREP,Minor signalling equipment fault noted; repair can be planned within the week.,Low,High,3,Urgent
TREP,Electrical equipment fault at the substation has caused a loss of supply; immediate repair required.,High,Low,-5,Critical
ETMR,Slight track unevenness observed on routine patrol; repair can be planned within the week.,Low,Medium,0,Moderate
EOMT,Material train movement scheduling conflict with regular traffic; can be resolved in the coming days.,Medium,Medium,1,Urgent
TREP,Electrical equipment malfunction causing intermittent traction supply issues; urgent repair required.,Medium,High,1,Critical
OTHR,Unclassified infrastructure fault poses an immediate safety concern; urgent action required.,Medium,Low,-2,Urgent
OTHR,Routine miscellaneous upkeep task as per maintenance calendar.,Low,Medium,10,Normal
SREP,Minor signalling equipment fault noted; repair can be planned within the week.,Medium,Medium,0,Urgent
TOHE,OHE contact wire severely worn and at risk of snapping; immediate maintenance necessary.,Medium,High,-4,Critical
EOMT,Material train logistics reviewed as part of routine planning; no issues found.,Medium,Low,9,Moderate
TOHE,OHE tension irregularity detected on the corridor; needs prompt corrective maintenance.,High,Low,2,Urgent
OTHR,Standard general maintenance check completed with no issues found.,Low,Low,11,Normal
EOMT,Routine material train logistics coordination for upcoming ballast supply.,Low,Medium,8,Moderate
OTHR,General maintenance item requiring attention in the coming days.,Low,Low,1,Moderate
TPWR,Traction power equipment showing slight deviation from standard; can be addressed in the coming days.,Low,Medium,2,Moderate
ERRL,Critical rail defect identified during ultrasonic testing; immediate renewal necessary for safe operations.,Medium,Low,-2,Urgent
TPWR,Traction power system logged as normal during the latest periodic check.,Low,Low,12,Normal
TPWR,Routine traction power system inspection as per maintenance calendar.,Low,High,3,Moderate
STEL,Telecom system failure has cut off communication with the field; immediate restoration required.,Medium,Low,-2,Urgent
STEL,Complete communication link failure between control office and field staff; immediate restoration required.,Medium,High,-5,Critical
TOHE,Standard OHE upkeep carried out under regular maintenance programme.,Medium,High,9,Moderate
ETMW,Track machine logged as functioning normally during the latest periodic check.,Medium,High,3,Urgent
ERRL,Routine rail renewal as part of periodic asset lifecycle replacement.,Low,Medium,14,Normal
ERRL,Rail segment renewed as part of the standard asset lifecycle programme.,Medium,Medium,5,Moderate
TREP,Routine electrical equipment servicing as per maintenance schedule.,Medium,Low,9,Moderate
ETMR,Significant track misalignment detected affecting ride quality; urgent repair recommended.,High,High,1,Critical
OTHR,Unclassified critical infrastructure issue reported requiring immediate attention.,High,High,-2,Critical
STEL,Standard telecom equipment check completed under periodic maintenance.,Low,High,3,Moderate
ETMW,"Scheduled track machine servicing due; minor calibration drift observed, can be addressed in the coming days.",Medium,High,6,Urgent
TPWR,Traction power readings fluctuating beyond normal range; urgent correction needed.,High,Low,2,Urgent
OTHR,Urgent miscellaneous fault reported with significant safety implications; immediate action required.,High,Low,-4,Critical
ERRL,Moderate rail wear observed during routine inspection; renewal can be planned within the week.,Low,Low,0,Moderate
ETMW,Track machine performance slightly below standard; servicing can be planned within the week.,Low,Low,0,Moderate
ETMW,Track machine performance slightly below standard; servicing can be planned within the week.,Medium,Medium,2,Urgent
TPWR,Routine traction power system inspection as per maintenance calendar.,Medium,Medium,11,Moderate
SSIG,Signal equipment showing minor irregularities during routine check; can be addressed in the coming days.,Medium,Medium,5,Urgent
TPWR,Periodic traction power equipment check completed with no issues found.,Medium,Low,8,Moderate
TREP,Standard electrical equipment check completed under periodic maintenance.,Medium,High,13,Moderate
ETMR,Standard track upkeep carried out as part of regular maintenance cycle.,Low,Low,13,Normal
SSIG,Signal aspect malfunction posing safety risk to train movement; immediate correction required.,Medium,Medium,0,Critical
SREP,Signalling equipment check completed under the regular maintenance cycle.,Medium,High,4,Urgent
OTHR,Standard general maintenance check completed with no issues found.,Medium,Low,13,Normal
ETMR,Significant track misalignment detected affecting ride quality; urgent repair recommended.,High,Low,2,Urgent
TPWR,Routine traction power system inspection as per maintenance calendar.,Low,Low,12,Normal
STEL,Routine telecom equipment testing as per maintenance calendar.,Medium,Low,14,Normal
ETMR,Track maintenance logged as completed under the regular upkeep cycle.,Low,Medium,12,Normal
STEL,Minor telecom connectivity issue observed during inspection; can be resolved within the week.,Medium,Low,4,Moderate
OTHR,Urgent miscellaneous fault reported with significant safety implications; immediate action required.,Medium,High,-4,Critical
TREP,Standard electrical equipment check completed under periodic maintenance.,Low,Low,4,Normal
TREP,Routine electrical equipment servicing as per maintenance schedule.,Low,Low,3,Normal
OTHR,Unclassified infrastructure fault poses an immediate safety concern; urgent action required.,Medium,High,-3,Critical
STEL,Total loss of telecom connectivity on the section disrupting coordination; immediate restoration necessary.,Medium,Medium,-3,Critical
TOHE,OHE inspection completed as part of the regular maintenance programme.,Medium,High,13,Moderate
TREP,Standard electrical equipment check completed under periodic maintenance.,Low,Medium,13,Normal
SSIG,Standard signal equipment check completed with no issues found.,Low,Low,4,Normal
SREP,Standard signalling equipment check completed under regular maintenance.,Low,Low,3,Normal
ETMR,Standard track upkeep carried out as part of regular maintenance cycle.,Low,Low,7,Normal
TREP,Standard electrical equipment check completed under periodic maintenance.,Medium,Medium,5,Moderate
OTHR,General maintenance item requiring attention in the coming days.,Low,Medium,5,Moderate
STEL,Telecom system failure has cut off communication with the field; immediate restoration required.,High,Low,-1,Critical
ETMR,Minor track geometry deviation noted during inspection; can be addressed in the coming days.,Medium,Low,2,Moderate
TREP,Electrical switchgear fault reported affecting power reliability; urgent repair recommended.,High,High,2,Critical
SREP,Signalling relay malfunction detected; urgent repair needed to avoid service impact.,High,Low,2,Urgent
ETMR,Severe track misalignment detected posing derailment risk; immediate correction needed.,Medium,Medium,-5,Critical
ETMR,Track surface slightly uneven per latest patrol; can be addressed in the coming days.,Low,Medium,2,Moderate
ETMW,"Scheduled track machine servicing due; minor calibration drift observed, can be addressed in the coming days.",Low,High,3,Urgent
TOHE,OHE component showing significant wear affecting current collection; urgent maintenance recommended.,Medium,Low,2,Urgent
ETMW,Routine preventive check of track machine as per maintenance calendar; no anomalies reported.,Medium,High,3,Urgent
SSIG,Standard signal equipment check completed with no issues found.,Low,Medium,11,Normal
STEL,Telecom equipment showing frequent connectivity drops affecting coordination; urgent attention needed.,High,Medium,2,Critical
ETMR,Severe track misalignment detected posing derailment risk; immediate correction needed.,High,Medium,-3,Critical
ETMR,Track buckling reported due to extreme heat; immediate repair required for safe train passage.,High,Low,0,Critical
SSIG,Routine signal maintenance as per periodic inspection calendar.,Medium,Low,10,Normal
ETMR,Track buckling reported due to extreme heat; immediate repair required for safe train passage.,High,Medium,-4,Critical
TREP,Major electrical fault detected in traction substation equipment; immediate repair required to prevent outage.,Medium,Low,-5,Urgent
ETMW,Track machine logged as functioning normally during the latest periodic check.,Low,Low,12,Normal
ETMR,Track geometry failure detected posing an immediate derailment risk; urgent repair required.,Medium,Low,-4,Urgent
OTHR,Routine miscellaneous upkeep task as per maintenance calendar.,Medium,Medium,13,Moderate
EOMT,Standard material train scheduling update for periodic track renewal work.,Low,Medium,14,Normal
SREP,Signalling equipment showing wear during inspection; can be addressed in the coming days.,Low,High,1,Urgent
TOHE,OHE component slightly below standard condition; can be addressed in the coming days.,Low,Low,4,Moderate
EOMT,Unsafe material train loading condition reported at the yard; immediate corrective action required.,High,Low,0,Critical
OTHR,Routine miscellaneous upkeep task as per maintenance calendar.,Low,Low,10,Normal
STEL,Telecom system failure has cut off communication with the field; immediate restoration required.,Medium,High,0,Critical
TPWR,"OHE wire snapped near the station yard, posing immediate electrocution and traffic hazard; urgent power block required.",Medium,Medium,-1,Critical
SSIG,Signal system fault has disrupted safe train working; immediate rectification required.,Medium,Medium,-3,Critical
STEL,Telecom equipment condition slightly below standard; can be addressed in the coming days.,Medium,High,1,Urgent
ETMR,Track maintenance logged as completed under the regular upkeep cycle.,Low,Low,3,Normal
SSIG,Signal system fault has disrupted safe train working; immediate rectification required.,Medium,High,-2,Critical
OTHR,Standard general maintenance check completed with no issues found.,Low,High,12,Moderate
ETMW,Track machine logged as functioning normally during the latest periodic check.,Medium,Low,11,Normal
STEL,Standard telecom equipment check completed under periodic maintenance.,Medium,High,3,Urgent
OTHR,Unclassified critical infrastructure issue reported requiring immediate attention.,High,Low,-1,Critical
ETMW,Track machine calibration slightly off standard; can be addressed in the coming days.,Low,High,1,Urgent
ETMR,Severe track misalignment detected posing derailment risk; immediate correction needed.,Medium,Medium,0,Critical
TPWR,Traction power system logged as normal during the latest periodic check.,Medium,Low,14,Normal
ETMR,Track geometry failure detected posing an immediate derailment risk; urgent repair required.,Medium,Medium,-4,Critical
TPWR,Traction power system logged as normal during the latest periodic check.,Medium,High,9,Moderate
ETMR,Slight track unevenness observed on routine patrol; repair can be planned within the week.,Low,High,4,Urgent
ETMR,Minor track geometry deviation noted during inspection; can be addressed in the coming days.,Low,High,3,Urgent
OTHR,Routine miscellaneous upkeep task as per maintenance calendar.,Medium,High,10,Moderate
TOHE,OHE insulator failure causing sparking incidents; immediate maintenance required to avoid service disruption.,High,Low,-1,Critical
ETMW,"Track machine fault occurred while occupying the running line, creating an unsafe condition for oncoming trains; immediate action required.",Medium,Low,-4,Urgent
ERRL,Rail condition monitored as slightly below standard; renewal can be addressed in the coming days.,Medium,Low,0,Moderate
ERRL,Rail section nearing renewal threshold as per condition monitoring; can be addressed in the coming days.,Medium,High,3,Urgent
SREP,Signalling equipment check completed under the regular maintenance cycle.,Low,Medium,5,Moderate
ETMW,"Scheduled track machine servicing due; minor calibration drift observed, can be addressed in the coming days.",Medium,High,5,Urgent
OTHR,Unclassified critical infrastructure issue reported requiring immediate attention.,Medium,High,0,Critical
ETMR,Track buckling reported due to extreme heat; immediate repair required for safe train passage.,High,High,-3,Critical
TOHE,Standard OHE upkeep carried out under regular maintenance programme.,Low,High,3,Moderate
OTHR,General maintenance item found slightly below standard; can be addressed in the coming days.,Low,High,5,Urgent
TOHE,OHE insulator failure causing sparking incidents; immediate maintenance required to avoid service disruption.,High,Medium,-4,Critical
TREP,Critical electrical panel failure at the substation risking traction power outage; immediate repair needed.,Medium,Low,-1,Urgent
ERRL,Rail segment renewed as part of the standard asset lifecycle programme.,Medium,Low,10,Normal
ERRL,Rail crack found extending across the running surface; immediate replacement required to prevent failure.,Medium,Medium,-4,Critical
SREP,Signalling equipment showing intermittent faults affecting reliability; urgent repair recommended.,Medium,Low,2,Urgent
EOMT,Material train logistics reviewed as part of routine planning; no issues found.,Low,Low,14,Normal
SSIG,Signal equipment fault detected affecting reliability; urgent maintenance recommended.,High,High,1,Critical
STEL,Telecom equipment performance degradation noted; can be addressed in the coming days.,Medium,High,2,Urgent
ETMW,Track machine calibration slightly off standard; can be addressed in the coming days.,Medium,Low,2,Moderate
SREP,Signalling equipment failure detected at a key interlocking point; immediate repair necessary for safe operations.,Medium,Low,-1,Urgent
OTHR,Urgent miscellaneous fault reported with significant safety implications; immediate action required.,Medium,Low,0,Urgent
STEL,Routine telecom equipment testing as per maintenance calendar.,Medium,High,3,Urgent
ETMW,Track machine calibration slightly off standard; can be addressed in the coming days.,Medium,High,0,Urgent
STEL,Telecom equipment performance degradation noted; can be addressed in the coming days.,Medium,Medium,2,Urgent
EOMT,Standard material train scheduling update for periodic track renewal work.,Low,High,11,Moderate
ETMR,Track buckling reported due to extreme heat; immediate repair required for safe train passage.,High,Low,-2,Critical
TREP,Routine electrical equipment servicing as per maintenance schedule.,Medium,Low,8,Moderate
SSIG,Signal equipment check completed as part of the regular inspection cycle.,Low,Medium,10,Normal
ETMW,Track machine calibration slightly off standard; can be addressed in the coming days.,Medium,Medium,4,Urgent
TREP,Electrical equipment showing minor performance dip; can be addressed in the coming days.,Low,Medium,4,Moderate
STEL,Telecom equipment check completed under the regular maintenance schedule.,Low,Low,10,Normal
TOHE,OHE contact wire severely worn and at risk of snapping; immediate maintenance necessary.,High,Medium,0,Critical
OTHR,Standard general maintenance check completed with no issues found.,Low,Medium,14,Normal
SREP,Routine signalling equipment upkeep as per periodic schedule.,Medium,Medium,14,Moderate
SREP,Signalling equipment condition slightly below standard; can be addressed in the coming days.,Low,Medium,3,Moderate
STEL,Standard telecom equipment check completed under periodic maintenance.,Low,Low,7,Normal
OTHR,Unclassified infrastructure fault poses an immediate safety concern; urgent action required.,High,Low,0,Critical
ETMR,Track geometry failure detected posing an immediate derailment risk; urgent repair required.,High,High,-1,Critical
SSIG,Signal equipment check completed as part of the regular inspection cycle.,Medium,High,13,Moderate
EOMT,Routine material train logistics coordination for upcoming ballast supply.,Low,Low,10,Normal
ETMR,Significant track misalignment detected affecting ride quality; urgent repair recommended.,Medium,High,1,Critical
TOHE,OHE inspection completed as part of the regular maintenance programme.,Medium,High,11,Moderate
OTHR,Minor miscellaneous issue noted during inspection; can be addressed within the week.,Low,High,1,Urgent
ETMW,Periodic track machine inspection completed as scheduled; equipment functioning normally.,Low,Medium,14,Normal
OTHR,Standard general maintenance check completed with no issues found.,Medium,High,4,Urgent
SSIG,Slight signal timing deviation observed; can be corrected within the week.,Medium,High,1,Urgent
ETMW,"Track machine fault occurred while occupying the running line, creating an unsafe condition for oncoming trains; immediate action required.",High,High,-2,Critical
EOMT,Material train derailment risk identified due to loose ballast on the approach; immediate clearance needed.,High,Medium,-2,Critical
SREP,Routine signalling equipment upkeep as per periodic schedule.,Low,Low,4,Normal
EOMT,Routine material train logistics coordination for upcoming ballast supply.,Low,High,3,Moderate
TREP,Routine electrical equipment servicing as per maintenance schedule.,Low,Medium,10,Normal
SREP,Signalling equipment fault at a key location is affecting safe train working; immediate repair required.,High,Medium,-1,Critical
OTHR,General maintenance check completed under the regular schedule.,Low,Low,12,Normal
OTHR,Routine miscellaneous upkeep task as per maintenance calendar.,Low,High,6,Moderate
EOMT,Material train derailment risk identified due to loose ballast on the approach; immediate clearance needed.,High,High,-5,Critical
TPWR,Traction power system logged as normal during the latest periodic check.,Low,Low,5,Normal
SSIG,Signal failure at the junction causing manual working; immediate rectification required to restore safe operations.,Medium,Low,-4,Urgent
TOHE,Routine OHE cleaning and inspection as per periodic schedule.,Low,Medium,11,Normal
ETMR,Track geometry failure detected posing an immediate derailment risk; urgent repair required.,High,Low,-5,Critical
TOHE,OHE contact wire severely worn and at risk of snapping; immediate maintenance necessary.,Medium,Medium,0,Critical
ERRL,Rail condition monitored as slightly below standard; renewal can be addressed in the coming days.,Low,High,5,Urgent
STEL,Total loss of telecom connectivity on the section disrupting coordination; immediate restoration necessary.,High,Medium,-5,Critical
SSIG,Routine signal maintenance as per periodic inspection calendar.,Low,Medium,13,Normal
OTHR,General maintenance check completed under the regular schedule.,Medium,High,3,Urgent
SREP,Signalling equipment showing intermittent faults affecting reliability; urgent repair recommended.,High,Medium,1,Critical
TREP,Major electrical fault detected in traction substation equipment; immediate repair required to prevent outage.,High,High,-2,Critical
STEL,Standard telecom equipment check completed under periodic maintenance.,Medium,Low,8,Moderate
TREP,Electrical equipment fault is affecting supply reliability; urgent repair recommended.,High,Low,2,Urgent
TOHE,OHE inspection completed as part of the regular maintenance programme.,Low,Low,6,Normal
ETMR,Severe track misalignment detected posing derailment risk; immediate correction needed.,Medium,Low,-1,Urgent
TOHE,OHE component slightly below standard condition; can be addressed in the coming days.,Medium,Medium,5,Urgent
EOMT,Routine material train logistics coordination for upcoming ballast supply.,Low,Low,7,Normal
TOHE,OHE component slightly below standard condition; can be addressed in the coming days.,Medium,Medium,4,Urgent
EOMT,"Material train loading operation delayed, blocking siding access; needs prompt resolution.",Medium,Medium,1,Urgent
TREP,Major electrical fault detected in traction substation equipment; immediate repair required to prevent outage.,Medium,Medium,-1,Critical
ERRL,Rail segment renewed as part of the standard asset lifecycle programme.,Medium,High,12,Moderate
TOHE,Minor OHE wear detected during inspection; maintenance can be planned within the week.,Low,Low,3,Moderate
ETMR,Minor track geometry deviation noted during inspection; can be addressed in the coming days.,Medium,High,4,Urgent
ERRL,Critical rail defect identified during ultrasonic testing; immediate renewal necessary for safe operations.,Medium,Medium,-2,Critical
SSIG,Signal equipment showing minor irregularities during routine check; can be addressed in the coming days.,Low,High,0,Urgent
TPWR,"OHE wire snapped near the station yard, posing immediate electrocution and traffic hazard; urgent power block required.",High,High,-2,Critical
TOHE,Minor OHE wear detected during inspection; maintenance can be planned within the week.,Medium,Medium,0,Urgent
ERRL,Severe rail fracture detected on the running line; immediate replacement required to prevent derailment.,Medium,High,0,Critical
ERRL,Rail segment renewed as part of the standard asset lifecycle programme.,Low,Low,14,Normal
OTHR,Miscellaneous maintenance issue with significant operational impact identified.,High,Medium,1,Critical
ETMW,Track machine logged as functioning normally during the latest periodic check.,Medium,Medium,13,Moderate
TREP,Electrical equipment fault at the substation has caused a loss of supply; immediate repair required.,High,High,-3,Critical
TPWR,Periodic traction power equipment check completed with no issues found.,Medium,Low,10,Normal
OTHR,General infrastructure fault reported requiring urgent attention to avoid disruption.,Medium,Low,1,Urgent
SSIG,Signal equipment check completed as part of the regular inspection cycle.,Medium,Low,11,Normal
TPWR,Traction power parameters slightly outside normal range; can be corrected within the week.,Medium,Medium,3,Urgent
OTHR,Unclassified maintenance issue is affecting normal operations; urgent attention recommended.,Medium,High,1,Critical
ETMR,Standard track upkeep carried out as part of regular maintenance cycle.,Medium,High,10,Moderate
TREP,Routine electrical equipment servicing as per maintenance schedule.,Medium,Low,14,Normal
STEL,Telecom equipment performance degradation noted; can be addressed in the coming days.,Low,Medium,0,Moderate
STEL,Telecom equipment condition slightly below standard; can be addressed in the coming days.,Medium,Medium,2,Urgent
ERRL,Significant rail wear beyond permissible limits identified during inspection; replacement needed soon.,High,High,1,Critical
ERRL,Rail segment renewed as part of the standard asset lifecycle programme.,Medium,Low,11,Normal
SREP,Signalling equipment fault at a key location is affecting safe train working; immediate repair required.,High,Low,-4,Critical
TPWR,"OHE wire snapped near the station yard, posing immediate electrocution and traffic hazard; urgent power block required.",Medium,Low,-2,Urgent
SREP,Routine signalling equipment upkeep as per periodic schedule.,Low,Low,6,Normal
ETMR,Track buckling reported due to extreme heat; immediate repair required for safe train passage.,High,High,-4,Critical
SREP,Minor signalling equipment fault noted; repair can be planned within the week.,Low,High,1,Urgent
ETMR,Track surface slightly uneven per latest patrol; can be addressed in the coming days.,Medium,Medium,4,Urgent
SREP,Signalling equipment check completed under the regular maintenance cycle.,Medium,High,6,Moderate
OTHR,Standard general maintenance check completed with no issues found.,Low,High,8,Moderate
TOHE,OHE insulator failure causing sparking incidents; immediate maintenance required to avoid service disruption.,High,Medium,-5,Critical
SSIG,Routine signal maintenance as per periodic inspection calendar.,Low,Low,10,Normal
ERRL,Routine rail renewal as part of periodic asset lifecycle replacement.,Low,Low,6,Normal
SREP,Routine signalling equipment upkeep as per periodic schedule.,Low,High,3,Moderate
SREP,Signalling equipment fault detected affecting reliability; urgent repair recommended.,Medium,Low,2,Urgent
SREP,Point machine failure at a critical junction affecting train safety; immediate repair required.,High,High,-4,Critical
SREP,Signalling equipment showing wear during inspection; can be addressed in the coming days.,Low,High,5,Urgent
ETMW,Track machine calibration slightly off standard; can be addressed in the coming days.,Medium,Medium,2,Urgent
STEL,Routine telecom equipment testing as per maintenance calendar.,Low,Low,3,Normal
SREP,Standard signalling equipment check completed under regular maintenance.,Medium,Low,14,Normal
SREP,Standard signalling equipment check completed under regular maintenance.,Medium,Low,12,Normal
ERRL,Routine rail renewal as part of periodic asset lifecycle replacement.,Low,Low,4,Normal
SSIG,Slight signal timing deviation observed; can be corrected within the week.,Medium,High,6,Urgent
TPWR,Periodic traction power equipment check completed with no issues found.,Low,High,11,Moderate
TREP,Electrical switchgear fault reported affecting power reliability; urgent repair recommended.,High,High,1,Critical
ERRL,Critical rail defect identified during ultrasonic testing; immediate renewal necessary for safe operations.,High,Medium,-3,Critical
EOMT,Routine material train logistics coordination for upcoming ballast supply.,Low,High,14,Moderate
TOHE,Routine OHE cleaning and inspection as per periodic schedule.,Medium,High,8,Moderate
ETMW,Track machine performance slightly below standard; servicing can be planned within the week.,Low,Low,4,Moderate
EOMT,Material train stopped unsafely on the running line due to a mechanical issue; immediate clearance required.,High,Medium,-4,Critical
ERRL,Rail segment renewed as part of the standard asset lifecycle programme.,Medium,Low,14,Normal
SREP,Standard signalling equipment check completed under regular maintenance.,Low,High,11,Moderate
EOMT,Routine material train logistics coordination for upcoming ballast supply.,Medium,Low,12,Normal
EOMT,Material train logistics reviewed as part of routine planning; no issues found.,Low,Low,3,Normal
ETMR,Track surface slightly uneven per latest patrol; can be addressed in the coming days.,Medium,Low,5,Moderate
ERRL,Critical rail defect identified during ultrasonic testing; immediate renewal necessary for safe operations.,Medium,High,-2,Critical
OTHR,Miscellaneous maintenance issue with significant operational impact identified.,High,Low,2,Urgent
ETMR,Severe track misalignment detected posing derailment risk; immediate correction needed.,High,Low,-1,Critical
EOMT,"Material train loading operation delayed, blocking siding access; needs prompt resolution.",Medium,High,1,Critical
ETMR,Track maintenance logged as completed under the regular upkeep cycle.,Medium,High,6,Moderate
STEL,Routine telecom equipment testing as per maintenance calendar.,Low,Low,7,Normal
SREP,Routine signalling equipment upkeep as per periodic schedule.,Medium,Medium,9,Moderate
ETMW,Track machine logged as functioning normally during the latest periodic check.,Low,Medium,13,Normal
ETMW,"Track machine fault occurred while occupying the running line, creating an unsafe condition for oncoming trains; immediate action required.",High,High,0,Critical
ETMR,Track maintenance logged as completed under the regular upkeep cycle.,Low,Low,6,Normal
ETMR,Standard track upkeep carried out as part of regular maintenance cycle.,Low,Medium,6,Moderate
OTHR,General maintenance check completed under the regular schedule.,Low,High,9,Moderate
STEL,Total loss of telecom connectivity on the section disrupting coordination; immediate restoration necessary.,High,Low,-2,Critical
ERRL,Critical rail defect identified during ultrasonic testing; immediate renewal necessary for safe operations.,Medium,High,-1,Critical
TOHE,Standard OHE upkeep carried out under regular maintenance programme.,Medium,Low,14,Normal
TREP,Electrical equipment showing minor performance dip; can be addressed in the coming days.,Medium,Low,1,Moderate
TREP,Electrical equipment showing minor performance dip; can be addressed in the coming days.,Low,High,5,Urgent
ETMR,Track maintenance logged as completed under the regular upkeep cycle.,Low,Medium,10,Normal
TREP,Standard electrical equipment check completed under periodic maintenance.,Medium,Low,5,Moderate
EOMT,Minor delay in material train unloading noted; can be adjusted within the week.,Medium,Medium,1,Urgent
STEL,Complete communication link failure between control office and field staff; immediate restoration required.,High,Low,-5,Critical
TOHE,Routine OHE cleaning and inspection as per periodic schedule.,Low,High,14,Moderate
OTHR,Minor miscellaneous issue noted during inspection; can be addressed within the week.,Medium,High,0,Urgent
STEL,Standard telecom equipment check completed under periodic maintenance.,Low,Low,4,Normal
TPWR,Traction power equipment showing slight deviation from standard; can be addressed in the coming days.,Medium,Medium,4,Urgent
ETMR,Severe track misalignment detected posing derailment risk; immediate correction needed.,High,Low,0,Critical
STEL,Minor telecom connectivity issue observed during inspection; can be resolved within the week.,Low,High,2,Urgent
STEL,Standard telecom equipment check completed under periodic maintenance.,Low,Low,8,Normal
TPWR,Traction power equipment showing slight deviation from standard; can be addressed in the coming days.,Medium,Medium,6,Moderate
ETMW,Periodic track machine inspection completed as scheduled; equipment functioning normally.,Low,Low,5,Normal
EOMT,Material train logistics reviewed as part of routine planning; no issues found.,Low,Medium,13,Normal
ETMR,Significant track misalignment detected affecting ride quality; urgent repair recommended.,Medium,Medium,2,Urgent
ETMR,Standard track upkeep carried out as part of regular maintenance cycle.,Medium,Low,13,Normal
TREP,Electrical equipment servicing logged as completed under the regular schedule.,Low,Low,8,Normal
SSIG,Routine signal maintenance as per periodic inspection calendar.,Low,Low,11,Normal
ETMW,Sudden track machine failure mid-operation has blocked the line unsafely; urgent intervention needed to restore safe passage.,Medium,High,-5,Critical
TOHE,OHE inspection completed as part of the regular maintenance programme.,Low,Low,3,Normal
TREP,Electrical equipment fault at the substation has caused a loss of supply; immediate repair required.,High,Medium,-1,Critical
TPWR,Routine traction power system inspection as per maintenance calendar.,Medium,Medium,6,Moderate
OTHR,Unclassified infrastructure fault poses an immediate safety concern; urgent action required.,High,High,-5,Critical
SREP,Signalling equipment showing wear during inspection; can be addressed in the coming days.,Low,Low,1,Moderate
STEL,Telecom equipment check completed under the regular maintenance schedule.,Low,Low,9,Normal
TREP,Major electrical fault detected in traction substation equipment; immediate repair required to prevent outage.,High,Low,-3,Critical
SSIG,Signal equipment fault detected affecting reliability; urgent maintenance recommended.,High,Low,1,Urgent
TPWR,Periodic traction power equipment check completed with no issues found.,Low,Medium,8,Moderate
SSIG,Signal aspect malfunction posing safety risk to train movement; immediate correction required.,Medium,Medium,-2,Critical
STEL,Routine telecom equipment testing as per maintenance calendar.,Low,Low,10,Normal
SREP,Signalling equipment showing wear during inspection; can be addressed in the coming days.,Medium,High,4,Urgent
ERRL,Moderate rail wear observed during routine inspection; renewal can be planned within the week.,Medium,Medium,3,Urgent
ETMW,Periodic track machine inspection completed as scheduled; equipment functioning normally.,Low,Medium,10,Normal
ETMR,Standard track upkeep carried out as part of regular maintenance cycle.,Low,Low,11,Normal
ETMW,"Track machine fault occurred while occupying the running line, creating an unsafe condition for oncoming trains; immediate action required.",Medium,Low,-2,Urgent
TOHE,OHE contact wire severely worn and at risk of snapping; immediate maintenance necessary.,Medium,High,0,Critical
TOHE,OHE conductor damage found posing an immediate safety hazard; urgent maintenance required.,High,Medium,-5,Critical
STEL,Telecom equipment check completed under the regular maintenance schedule.,Low,Low,13,Normal
SSIG,Signal equipment check completed as part of the regular inspection cycle.,Medium,Medium,12,Moderate
ERRL,Rail crack found extending across the running surface; immediate replacement required to prevent failure.,High,Medium,-4,Critical
SSIG,Signal relay showing erratic behaviour affecting reliability; urgent maintenance recommended.,High,Medium,2,Critical
ETMW,"Track machine fault occurred while occupying the running line, creating an unsafe condition for oncoming trains; immediate action required.",High,Low,0,Critical
SREP,Routine signalling equipment upkeep as per periodic schedule.,Medium,Low,5,Moderate
STEL,Telecom equipment check completed under the regular maintenance schedule.,Medium,Medium,4,Moderate
TREP,Routine electrical equipment servicing as per maintenance schedule.,Medium,Medium,7,Moderate
ETMW,Track machine logged as functioning normally during the latest periodic check.,Low,Low,5,Normal
TPWR,Traction power readings fluctuating beyond normal range; urgent correction needed.,High,Medium,1,Critical
TPWR,Traction power parameters slightly outside normal range; can be corrected within the week.,Medium,High,6,Urgent
ETMW,"Scheduled track machine servicing due; minor calibration drift observed, can be addressed in the coming days.",Low,High,1,Urgent
STEL,Telecom equipment condition slightly below standard; can be addressed in the coming days.,Low,High,3,Urgent
SSIG,Slight signal timing deviation observed; can be corrected within the week.,Low,High,3,Urgent
TOHE,OHE contact wire severely worn and at risk of snapping; immediate maintenance necessary.,High,Low,0,Critical
OTHR,Minor miscellaneous issue noted during inspection; can be addressed within the week.,Medium,Medium,5,Urgent
TREP,Electrical equipment servicing logged as completed under the regular schedule.,Low,Low,10,Normal
TREP,Electrical equipment servicing logged as completed under the regular schedule.,Low,Medium,10,Normal
TPWR,"OHE wire snapped near the station yard, posing immediate electrocution and traffic hazard; urgent power block required.",High,High,-4,Critical
TPWR,Routine traction power system inspection as per maintenance calendar.,Medium,Low,14,Normal
ERRL,Severe rail fracture detected on the running line; immediate replacement required to prevent derailment.,High,High,-2,Critical
TREP,Standard electrical equipment check completed under periodic maintenance.,Low,Low,10,Normal
ETMW,Periodic track machine inspection completed as scheduled; equipment functioning normally.,Low,Low,14,Normal
OTHR,Minor miscellaneous issue noted during inspection; can be addressed within the week.,Low,Low,4,Moderate
OTHR,Minor miscellaneous issue noted during inspection; can be addressed within the week.,Low,Medium,2,Moderate
TREP,Electrical equipment showing performance degradation; can be addressed in the coming days.,Low,High,4,Urgent
OTHR,General maintenance item found slightly below standard; can be addressed in the coming days.,Low,High,3,Urgent
STEL,Standard telecom equipment check completed under periodic maintenance.,Medium,Low,14,Normal
EOMT,Unsafe material train loading condition reported at the yard; immediate corrective action required.,Medium,Low,-2,Urgent
EOMT,Material train unloading slightly behind schedule; can be resolved in the coming days.,Medium,High,3,Urgent
STEL,Telecom equipment condition slightly below standard; can be addressed in the coming days.,Low,High,7,Moderate
SREP,Signalling equipment check completed under the regular maintenance cycle.,Low,Low,7,Normal
STEL,Complete communication link failure between control office and field staff; immediate restoration required.,Medium,Low,0,Urgent
SSIG,Slight signal timing deviation observed; can be corrected within the week.,Low,High,2,Urgent
ERRL,Rail segment renewed as part of the standard asset lifecycle programme.,Low,Low,12,Normal
TPWR,Routine traction power system inspection as per maintenance calendar.,Low,Medium,13,Normal
TREP,Major electrical fault detected in traction substation equipment; immediate repair required to prevent outage.,Medium,Low,-4,Urgent
SREP,Routine signalling equipment upkeep as per periodic schedule.,Low,Low,13,Normal
EOMT,Standard material train scheduling update for periodic track renewal work.,Low,Medium,8,Moderate
ETMW,Track machine calibration slightly off standard; can be addressed in the coming days.,Low,High,3,Urgent
TOHE,Minor OHE wear detected during inspection; maintenance can be planned within the week.,Medium,Medium,4,Urgent
ERRL,Scheduled rail replacement under normal asset renewal programme.,Medium,Low,13,Normal
EOMT,Routine material train logistics coordination for upcoming ballast supply.,Medium,Low,11,Normal
TOHE,OHE conductor damage found posing an immediate safety hazard; urgent maintenance required.,High,High,0,Critical
SREP,Signalling equipment fault detected affecting reliability; urgent repair recommended.,Medium,Medium,2,Urgent
EOMT,Routine material train logistics coordination for upcoming ballast supply.,Low,High,11,Moderate
OTHR,General maintenance check completed under the regular schedule.,Medium,Medium,9,Moderate
ETMR,Minor track geometry deviation noted during inspection; can be addressed in the coming days.,Medium,Medium,7,Moderate
EOMT,Material train derailment risk identified due to loose ballast on the approach; immediate clearance needed.,High,Low,-3,Critical
STEL,Telecom equipment check completed under the regular maintenance schedule.,Low,Medium,12,Normal
EOMT,Material train derailment risk identified due to loose ballast on the approach; immediate clearance needed.,High,Low,-4,Critical
SREP,Signalling equipment check completed under the regular maintenance cycle.,Medium,Medium,9,Moderate
ETMR,Routine track patrol maintenance as per periodic schedule.,Low,High,5,Moderate
STEL,Telecom equipment performance degradation noted; can be addressed in the coming days.,Medium,High,6,Urgent
EOMT,Routine material train logistics coordination for upcoming ballast supply.,Medium,Low,13,Normal
ETMW,Sudden track machine failure mid-operation has blocked the line unsafely; urgent intervention needed to restore safe passage.,Medium,High,-3,Critical
SSIG,Routine signal maintenance as per periodic inspection calendar.,Medium,Medium,14,Moderate
SREP,Signalling equipment condition slightly below standard; can be addressed in the coming days.,Medium,Medium,7,Moderate
TOHE,OHE inspection completed as part of the regular maintenance programme.,Medium,Low,11,Normal
EOMT,Material train movement obstruction reported affecting adjacent line clearance; requires urgent attention.,High,Medium,1,Critical
OTHR,Routine miscellaneous upkeep task as per maintenance calendar.,Low,Low,12,Normal
EOMT,Material train logistics reviewed as part of routine planning; no issues found.,Low,Low,7,Normal
ETMW,Track machine performance slightly below standard; servicing can be planned within the week.,Low,Medium,4,Moderate
EOMT,Unsafe material train loading condition reported at the yard; immediate corrective action required.,High,Medium,-3,Critical
ERRL,Rail crack found extending across the running surface; immediate replacement required to prevent failure.,Medium,Medium,-5,Critical
TPWR,"OHE wire snapped near the station yard, posing immediate electrocution and traffic hazard; urgent power block required.",Medium,Low,-4,Urgent
SSIG,Standard signal equipment check completed with no issues found.,Medium,High,8,Moderate
SREP,Signalling equipment condition slightly below standard; can be addressed in the coming days.,Low,High,5,Urgent
SREP,Signalling equipment fault at a key location is affecting safe train working; immediate repair required.,High,High,-1,Critical
TPWR,Sudden traction power failure has halted electric train operations; immediate restoration required.,High,Medium,-2,Critical
TOHE,Routine OHE cleaning and inspection as per periodic schedule.,Medium,Medium,3,Moderate
STEL,Telecom equipment condition slightly below standard; can be addressed in the coming days.,Medium,High,2,Urgent
TPWR,Traction power supply fluctuation affecting multiple sections; requires urgent attention.,High,Medium,1,Critical
SSIG,Signal equipment condition slightly below standard; can be addressed in the coming days.,Medium,Medium,2,Urgent
TREP,Critical electrical panel failure at the substation risking traction power outage; immediate repair needed.,Medium,Medium,-5,Critical
STEL,Total loss of telecom connectivity on the section disrupting coordination; immediate restoration necessary.,High,Medium,-2,Critical
ETMW,Routine preventive check of track machine as per maintenance calendar; no anomalies reported.,Medium,Low,4,Moderate
ETMR,Slight track unevenness observed on routine patrol; repair can be planned within the week.,Low,High,3,Urgent
ETMW,Sudden track machine failure mid-operation has blocked the line unsafely; urgent intervention needed to restore safe passage.,High,High,-5,Critical
TPWR,Traction power equipment showing slight deviation from standard; can be addressed in the coming days.,Medium,High,1,Urgent
ETMW,Track machine calibration slightly off standard; can be addressed in the coming days.,Low,Low,7,Moderate
ETMR,Routine track patrol maintenance as per periodic schedule.,Medium,Low,7,Moderate
ETMR,Track maintenance logged as completed under the regular upkeep cycle.,Medium,Low,11,Normal
SSIG,Intermittent signal aspect faults reported; urgent maintenance needed to prevent failure.,Medium,High,1,Critical
ETMW,Routine preventive check of track machine as per maintenance calendar; no anomalies reported.,Medium,Medium,3,Moderate
TOHE,Standard OHE upkeep carried out under regular maintenance programme.,Low,Medium,10,Normal
OTHR,Minor miscellaneous issue noted during inspection; can be addressed within the week.,Medium,Medium,6,Moderate
ETMW,Track machine breakdown during possession has left the rail section unsafe for train movement; immediate rectification required.,Medium,Low,-5,Urgent
OTHR,Urgent miscellaneous fault reported with significant safety implications; immediate action required.,Medium,Medium,-1,Critical
OTHR,Unclassified maintenance issue is affecting normal operations; urgent attention recommended.,High,Medium,2,Critical
TREP,Routine electrical equipment servicing as per maintenance schedule.,Medium,High,3,Urgent
OTHR,General maintenance item found slightly below standard; can be addressed in the coming days.,Low,High,0,Urgent
EOMT,Material train derailment risk identified due to loose ballast on the approach; immediate clearance needed.,Medium,High,-2,Critical
STEL,Telecom equipment performance degradation noted; can be addressed in the coming days.,Low,High,0,Urgent
OTHR,Standard general maintenance check completed with no issues found.,Low,Medium,11,Normal
ETMW,Track machine performance slightly below standard; servicing can be planned within the week.,Medium,Low,5,Moderate
SREP,Signalling equipment showing wear during inspection; can be addressed in the coming days.,Low,High,3,Urgent
TREP,Standard electrical equipment check completed under periodic maintenance.,Low,Low,6,Normal
EOMT,Material train stopped unsafely on the running line due to a mechanical issue; immediate clearance required.,High,Low,0,Critical
TOHE,OHE conductor damage found posing an immediate safety hazard; urgent maintenance required.,High,Low,0,Critical
TPWR,Traction power system fault has left the section without power supply; immediate restoration required.,High,Low,-4,Critical
ETMR,Standard track upkeep carried out as part of regular maintenance cycle.,Medium,Low,6,Moderate
ETMW,Track machine breakdown during possession has left the rail section unsafe for train movement; immediate rectification required.,Medium,Medium,-3,Critical
ERRL,Moderate rail wear observed during routine inspection; renewal can be planned within the week.,Low,High,0,Urgent
TPWR,"OHE wire snapped near the station yard, posing immediate electrocution and traffic hazard; urgent power block required.",High,Medium,-1,Critical
EOMT,Routine material train logistics coordination for upcoming ballast supply.,Low,Medium,11,Normal
STEL,Telecom equipment showing frequent connectivity drops affecting coordination; urgent attention needed.,High,High,2,Critical
SREP,Signalling equipment fault at a key location is affecting safe train working; immediate repair required.,High,Medium,0,Critical
SSIG,Signal system fault has disrupted safe train working; immediate rectification required.,High,Low,-4,Critical
OTHR,General maintenance check completed under the regular schedule.,Low,Medium,12,Normal
SREP,Signalling equipment check completed under the regular maintenance cycle.,Medium,Low,13,Normal
OTHR,Standard general maintenance check completed with no issues found.,Low,Medium,13,Normal
TREP,Minor electrical fault noted during inspection; repair can be planned within the week.,Medium,High,6,Urgent
STEL,Standard telecom equipment check completed under periodic maintenance.,Medium,High,13,Moderate
TPWR,Traction power readings fluctuating beyond normal range; urgent correction needed.,High,Low,1,Urgent
SREP,Standard signalling equipment check completed under regular maintenance.,Medium,High,5,Urgent
STEL,Complete communication link failure between control office and field staff; immediate restoration required.,Medium,Medium,-2,Critical
TPWR,Traction power system logged as normal during the latest periodic check.,Medium,High,10,Moderate
SREP,Standard signalling equipment check completed under regular maintenance.,Medium,Low,5,Moderate
STEL,Telecom equipment check completed under the regular maintenance schedule.,Low,Low,6,Normal
TREP,Standard electrical equipment check completed under periodic maintenance.,Low,Medium,10,Normal
SREP,Signalling equipment showing intermittent faults affecting reliability; urgent repair recommended.,Medium,Medium,1,Urgent
ERRL,Scheduled rail replacement under normal asset renewal programme.,Medium,Medium,3,Moderate
TOHE,OHE insulator failure causing sparking incidents; immediate maintenance required to avoid service disruption.,Medium,High,-2,Critical
TOHE,OHE inspection completed as part of the regular maintenance programme.,Low,Low,14,Normal
TPWR,Traction power equipment showing slight deviation from standard; can be addressed in the coming days.,Medium,Medium,0,Urgent
SSIG,Signal equipment condition slightly below standard; can be addressed in the coming days.,Medium,Medium,3,Urgent
EOMT,Material train stopped unsafely on the running line due to a mechanical issue; immediate clearance required.,High,High,-2,Critical
ERRL,Critical rail defect identified during ultrasonic testing; immediate renewal necessary for safe operations.,High,Medium,-1,Critical
OTHR,Minor miscellaneous issue noted during inspection; can be addressed within the week.,Medium,Medium,4,Urgent
ERRL,Scheduled rail replacement under normal asset renewal programme.,Low,Medium,4,Moderate
TPWR,"OHE wire snapped near the station yard, posing immediate electrocution and traffic hazard; urgent power block required.",High,Medium,-2,Critical
EOMT,Material train movement scheduling conflict with regular traffic; can be resolved in the coming days.,Low,Medium,7,Moderate
ETMR,Track surface slightly uneven per latest patrol; can be addressed in the coming days.,Medium,Medium,2,Urgent
SREP,Standard signalling equipment check completed under regular maintenance.,Low,Medium,9,Moderate
SREP,Signalling equipment check completed under the regular maintenance cycle.,Low,Low,14,Normal
OTHR,General infrastructure fault reported requiring urgent attention to avoid disruption.,Medium,Medium,1,Urgent
TOHE,Routine OHE cleaning and inspection as per periodic schedule.,Medium,Low,5,Moderate
SREP,Standard signalling equipment check completed under regular maintenance.,Low,Low,14,Normal
ERRL,Rail segment renewed as part of the standard asset lifecycle programme.,Medium,Low,8,Moderate
ETMR,Track buckling reported due to extreme heat; immediate repair required for safe train passage.,Medium,Medium,-2,Critical
SREP,Signalling equipment fault at a key location is affecting safe train working; immediate repair required.,Medium,High,-3,Critical
TREP,Standard electrical equipment check completed under periodic maintenance.,Low,Low,14,Normal
STEL,Routine telecom equipment testing as per maintenance calendar.,Low,Low,4,Normal
ETMR,Slight track unevenness observed on routine patrol; repair can be planned within the week.,Low,High,5,Urgent
SSIG,Routine signal maintenance as per periodic inspection calendar.,Low,High,13,Moderate
EOMT,Material train derailment risk identified due to loose ballast on the approach; immediate clearance needed.,Medium,Low,-3,Urgent
TOHE,OHE contact wire severely worn and at risk of snapping; immediate maintenance necessary.,Medium,Low,-4,Urgent
SREP,Routine signalling equipment upkeep as per periodic schedule.,Medium,Low,9,Moderate
STEL,Complete communication link failure between control office and field staff; immediate restoration required.,High,Low,-1,Critical
TREP,Electrical equipment servicing logged as completed under the regular schedule.,Low,Medium,13,Normal
ERRL,Severe rail fracture detected on the running line; immediate replacement required to prevent derailment.,Medium,High,-5,Critical
SSIG,Standard signal equipment check completed with no issues found.,Medium,Medium,10,Moderate
ERRL,Rail section nearing renewal threshold as per condition monitoring; can be addressed in the coming days.,Low,Low,6,Moderate
TOHE,Minor OHE wear detected during inspection; maintenance can be planned within the week.,Low,High,5,Urgent
ETMR,Routine track patrol maintenance as per periodic schedule.,Medium,Medium,12,Moderate
SREP,Standard signalling equipment check completed under regular maintenance.,Medium,Medium,8,Moderate
OTHR,Minor miscellaneous issue noted during inspection; can be addressed within the week.,Low,Medium,0,Moderate
EOMT,Unsafe material train loading condition reported at the yard; immediate corrective action required.,Medium,High,0,Critical
TREP,Minor electrical fault noted during inspection; repair can be planned within the week.,Low,High,1,Urgent
ERRL,Severe rail fracture detected on the running line; immediate replacement required to prevent derailment.,High,High,-4,Critical
SSIG,Slight signal timing deviation observed; can be corrected within the week.,Low,High,5,Urgent
ETMW,Track machine performance slightly below standard; servicing can be planned within the week.,Medium,High,2,Urgent
ETMR,Track geometry failure detected posing an immediate derailment risk; urgent repair required.,High,Medium,-5,Critical
ETMW,Track machine showing repeated operational faults affecting maintenance output; needs prompt repair.,High,Medium,1,Critical
OTHR,General maintenance check completed under the regular schedule.,Low,High,6,Moderate
TOHE,Standard OHE upkeep carried out under regular maintenance programme.,Low,Low,4,Normal
EOMT,Material train unloading slightly behind schedule; can be resolved in the coming days.,Low,Low,3,Moderate
SREP,Routine signalling equipment upkeep as per periodic schedule.,Low,Medium,11,Normal
TOHE,Standard OHE upkeep carried out under regular maintenance programme.,Low,Low,11,Normal
ETMR,Track maintenance logged as completed under the regular upkeep cycle.,Medium,Medium,14,Moderate
ETMW,Sudden track machine failure mid-operation has blocked the line unsafely; urgent intervention needed to restore safe passage.,High,Medium,-3,Critical
TOHE,OHE conductor damage found posing an immediate safety hazard; urgent maintenance required.,Medium,High,-4,Critical
EOMT,Standard material train scheduling update for periodic track renewal work.,Medium,Medium,5,Moderate
ERRL,Rail crack found extending across the running surface; immediate replacement required to prevent failure.,High,Low,-2,Critical
TPWR,Traction power system fault has left the section without power supply; immediate restoration required.,Medium,Low,-4,Urgent
ERRL,Rail crack found extending across the running surface; immediate replacement required to prevent failure.,High,Low,-4,Critical
ETMW,Track machine logged as functioning normally during the latest periodic check.,Low,Low,9,Normal
ERRL,Rail section nearing renewal threshold as per condition monitoring; can be addressed in the coming days.,Medium,High,7,Urgent
ETMR,Track alignment fault found during inspection; urgent correction recommended.,High,High,1,Critical
ERRL,Moderate rail wear observed during routine inspection; renewal can be planned within the week.,Medium,Low,5,Moderate
STEL,Complete communication link failure between control office and field staff; immediate restoration required.,Medium,High,-1,Critical
STEL,Telecom equipment performance degradation noted; can be addressed in the coming days.,Medium,High,1,Urgent
TPWR,Traction power system logged as normal during the latest periodic check.,Medium,Low,13,Normal
ERRL,Routine rail renewal as part of periodic asset lifecycle replacement.,Low,Low,9,Normal
TOHE,OHE insulator failure causing sparking incidents; immediate maintenance required to avoid service disruption.,High,High,-5,Critical
TOHE,OHE inspection completed as part of the regular maintenance programme.,Low,Low,12,Normal
TOHE,Routine OHE cleaning and inspection as per periodic schedule.,Medium,Medium,13,Moderate
TPWR,Traction power system logged as normal during the latest periodic check.,Medium,Low,11,Normal
ERRL,Rail segment renewed as part of the standard asset lifecycle programme.,Low,Low,8,Normal
STEL,Total loss of telecom connectivity on the section disrupting coordination; immediate restoration necessary.,Medium,High,-1,Critical
OTHR,Minor miscellaneous issue noted during inspection; can be addressed within the week.,Low,High,5,Urgent
OTHR,Standard general maintenance check completed with no issues found.,Low,High,6,Moderate
SSIG,Signal aspect malfunction posing safety risk to train movement; immediate correction required.,High,Medium,-3,Critical
TREP,Routine electrical equipment servicing as per maintenance schedule.,Medium,Low,12,Normal
TPWR,Traction power system logged as normal during the latest periodic check.,Low,Low,14,Normal
SSIG,Standard signal equipment check completed with no issues found.,Medium,Low,14,Normal
TOHE,OHE alignment issue detected affecting current collection; urgent maintenance recommended.,Medium,High,1,Critical
ERRL,Rail segment renewed as part of the standard asset lifecycle programme.,Medium,High,4,Urgent
TREP,Electrical equipment showing performance degradation; can be addressed in the coming days.,Low,Low,7,Moderate
OTHR,Minor miscellaneous issue noted during inspection; can be addressed within the week.,Medium,High,1,Urgent
ETMR,Severe track misalignment detected posing derailment risk; immediate correction needed.,High,Medium,-1,Critical
ETMW,Track machine performance slightly below standard; servicing can be planned within the week.,Low,High,3,Urgent
TPWR,Traction power system fault has left the section without power supply; immediate restoration required.,High,Medium,-5,Critical
EOMT,Minor delay in material train unloading noted; can be adjusted within the week.,Low,High,0,Urgent
TREP,Electrical equipment showing minor performance dip; can be addressed in the coming days.,Medium,High,0,Urgent
SREP,Minor signalling equipment fault noted; repair can be planned within the week.,Medium,High,3,Urgent
STEL,Standard telecom equipment check completed under periodic maintenance.,Low,Medium,8,Moderate
SSIG,Signal equipment showing minor irregularities during routine check; can be addressed in the coming days.,Medium,High,1,Urgent
ERRL,Critical rail defect identified during ultrasonic testing; immediate renewal necessary for safe operations.,High,Medium,-4,Critical
STEL,Telecom equipment check completed under the regular maintenance schedule.,Low,Medium,14,Normal
TREP,Routine electrical equipment servicing as per maintenance schedule.,Low,Low,4,Normal
OTHR,Urgent miscellaneous fault reported with significant safety implications; immediate action required.,Medium,High,-1,Critical
STEL,Complete communication link failure between control office and field staff; immediate restoration required.,Medium,High,0,Critical
ETMW,"Scheduled track machine servicing due; minor calibration drift observed, can be addressed in the coming days.",Medium,High,3,Urgent
ETMR,Track geometry failure detected posing an immediate derailment risk; urgent repair required.,Medium,Low,-1,Urgent
TPWR,Scheduled traction power equipment check showing early wear signs; can be addressed in the coming days.,Medium,High,0,Urgent
TREP,Minor electrical fault noted during inspection; repair can be planned within the week.,Low,Low,5,Moderate
ETMR,Minor track geometry deviation noted during inspection; can be addressed in the coming days.,Medium,High,2,Urgent
TOHE,Minor OHE wear detected during inspection; maintenance can be planned within the week.,Low,High,7,Moderate
TPWR,Traction power system fault has left the section without power supply; immediate restoration required.,Medium,Medium,-2,Critical
STEL,Routine telecom equipment testing as per maintenance calendar.,Low,Low,5,Normal
STEL,Telecom equipment condition slightly below standard; can be addressed in the coming days.,Medium,Medium,4,Urgent
OTHR,Unclassified critical infrastructure issue reported requiring immediate attention.,Medium,Medium,-4,Critical
OTHR,General maintenance item found slightly below standard; can be addressed in the coming days.,Medium,Medium,5,Urgent
ETMW,Track machine calibration slightly off standard; can be addressed in the coming days.,Low,Low,1,Moderate
TREP,Electrical equipment showing minor performance dip; can be addressed in the coming days.,Medium,Medium,2,Urgent
SSIG,Signal equipment showing minor irregularities during routine check; can be addressed in the coming days.,Low,High,2,Urgent
TPWR,Traction power supply fluctuation affecting multiple sections; requires urgent attention.,High,High,2,Critical
SSIG,Signal relay showing erratic behaviour affecting reliability; urgent maintenance recommended.,Medium,High,2,Critical
ETMW,"Scheduled track machine servicing due; minor calibration drift observed, can be addressed in the coming days.",Medium,High,0,Urgent
ETMW,Routine preventive check of track machine as per maintenance calendar; no anomalies reported.,Low,Medium,10,Normal
EOMT,Unsafe material train loading condition reported at the yard; immediate corrective action required.,High,Low,-4,Critical
SREP,Signalling equipment failure detected at a key interlocking point; immediate repair necessary for safe operations.,Medium,High,-5,Critical
TOHE,Routine OHE cleaning and inspection as per periodic schedule.,Medium,High,10,Moderate
TOHE,Standard OHE upkeep carried out under regular maintenance programme.,Low,Medium,6,Moderate
TOHE,OHE inspection completed as part of the regular maintenance programme.,Low,Medium,14,Normal
SSIG,Signal equipment condition slightly below standard; can be addressed in the coming days.,Medium,Low,6,Moderate
ETMW,Track machine logged as functioning normally during the latest periodic check.,Medium,High,5,Urgent
ERRL,Critical rail defect identified during ultrasonic testing; immediate renewal necessary for safe operations.,Medium,Medium,-4,Critical
SSIG,Signal failure at the junction causing manual working; immediate rectification required to restore safe operations.,Medium,High,-3,Critical
ERRL,Rail crack found extending across the running surface; immediate replacement required to prevent failure.,High,High,-5,Critical
EOMT,Material train movement obstruction reported affecting adjacent line clearance; requires urgent attention.,High,Low,2,Urgent
ETMW,"Track machine fault occurred while occupying the running line, creating an unsafe condition for oncoming trains; immediate action required.",High,High,-1,Critical
ETMW,Track machine logged as functioning normally during the latest periodic check.,Medium,Low,13,Normal
ETMR,Track buckling reported due to extreme heat; immediate repair required for safe train passage.,Medium,Low,0,Urgent
EOMT,Material train unloading slightly behind schedule; can be resolved in the coming days.,Low,Medium,0,Moderate
ERRL,Rail corrugation exceeding safe limits detected on the section; replacement recommended urgently.,High,Low,2,Urgent
ERRL,Routine rail renewal as part of periodic asset lifecycle replacement.,Low,Medium,8,Moderate
ETMR,Track maintenance logged as completed under the regular upkeep cycle.,Medium,Low,13,Normal
ETMR,Track surface slightly uneven per latest patrol; can be addressed in the coming days.,Low,High,5,Urgent
TPWR,Periodic traction power equipment check completed with no issues found.,Medium,High,12,Moderate
ETMW,Track machine breakdown during possession has left the rail section unsafe for train movement; immediate rectification required.,Medium,High,-1,Critical
ETMW,Track machine breakdown during possession has left the rail section unsafe for train movement; immediate rectification required.,High,Low,-1,Critical
OTHR,Standard general maintenance check completed with no issues found.,Low,Low,4,Normal
ETMW,Track machine showing repeated operational faults affecting maintenance output; needs prompt repair.,High,Low,1,Urgent
SSIG,Signal system fault has disrupted safe train working; immediate rectification required.,High,Low,-3,Critical
TREP,Minor electrical fault noted during inspection; repair can be planned within the week.,Medium,Low,4,Moderate
SREP,Routine signalling equipment upkeep as per periodic schedule.,Medium,Low,12,Normal
STEL,Telecom equipment check completed under the regular maintenance schedule.,Low,Low,4,Normal
TPWR,Traction power system logged as normal during the latest periodic check.,Medium,High,3,Urgent
OTHR,Urgent miscellaneous fault reported with significant safety implications; immediate action required.,High,Medium,0,Critical
TOHE,OHE insulator failure causing sparking incidents; immediate maintenance required to avoid service disruption.,High,High,0,Critical
TPWR,Sudden traction power failure has halted electric train operations; immediate restoration required.,High,Medium,-5,Critical
OTHR,Routine miscellaneous upkeep task as per maintenance calendar.,Low,Medium,13,Normal
ETMR,Track geometry failure detected posing an immediate derailment risk; urgent repair required.,High,Medium,-1,Critical
OTHR,General infrastructure fault reported requiring urgent attention to avoid disruption.,Medium,High,1,Critical
TREP,Critical electrical panel failure at the substation risking traction power outage; immediate repair needed.,Medium,High,-2,Critical
SSIG,Signal equipment fault detected affecting reliability; urgent maintenance recommended.,Medium,Medium,2,Urgent
TOHE,OHE conductor damage found posing an immediate safety hazard; urgent maintenance required.,High,Medium,0,Critical
ETMR,Standard track upkeep carried out as part of regular maintenance cycle.,Medium,Medium,6,Moderate
SSIG,Standard signal equipment check completed with no issues found.,Medium,Low,11,Normal
TOHE,OHE conductor damage found posing an immediate safety hazard; urgent maintenance required.,Medium,Low,-5,Urgent
OTHR,Routine miscellaneous upkeep task as per maintenance calendar.,Low,High,4,Moderate
TPWR,Periodic traction power equipment check completed with no issues found.,Low,Low,6,Normal
TOHE,Minor OHE wear detected during inspection; maintenance can be planned within the week.,Medium,Low,1,Moderate
STEL,Complete communication link failure between control office and field staff; immediate restoration required.,High,Low,-3,Critical
STEL,Telecom equipment condition slightly below standard; can be addressed in the coming days.,Medium,Medium,1,Urgent
STEL,Complete communication link failure between control office and field staff; immediate restoration required.,High,Medium,-5,Critical
TOHE,OHE conductor damage found posing an immediate safety hazard; urgent maintenance required.,High,Low,-1,Critical
EOMT,Material train stopped unsafely on the running line due to a mechanical issue; immediate clearance required.,Medium,High,-4,Critical
EOMT,Material train derailment risk identified due to loose ballast on the approach; immediate clearance needed.,Medium,High,-3,Critical
ETMR,Track surface slightly uneven per latest patrol; can be addressed in the coming days.,Medium,Low,1,Moderate
TPWR,"OHE wire snapped near the station yard, posing immediate electrocution and traffic hazard; urgent power block required.",Medium,Low,-5,Urgent
SREP,Routine signalling equipment upkeep as per periodic schedule.,Medium,Low,3,Moderate
TPWR,Traction power interruption reported on the corridor causing service delays; needs urgent repair.,High,Low,1,Urgent
SREP,Point machine failure at a critical junction affecting train safety; immediate repair required.,Medium,Low,-1,Urgent
OTHR,Standard general maintenance check completed with no issues found.,Low,Low,12,Normal
EOMT,Routine material train logistics coordination for upcoming ballast supply.,Medium,Medium,6,Moderate
TOHE,OHE component showing early degradation signs; can be addressed in the coming days.,Medium,High,6,Urgent
TPWR,Traction power system logged as normal during the latest periodic check.,Low,Low,3,Normal
TREP,Electrical equipment showing minor performance dip; can be addressed in the coming days.,Low,Medium,2,Moderate
TOHE,OHE inspection completed as part of the regular maintenance programme.,Medium,Low,14,Normal
TPWR,Traction power readings fluctuating beyond normal range; urgent correction needed.,Medium,Medium,2,Urgent
TREP,Electrical equipment fault at the substation has caused a loss of supply; immediate repair required.,Medium,Low,-1,Urgent
STEL,Telecom equipment fault is disrupting coordination; urgent repair recommended.,Medium,Medium,1,Urgent
ETMW,Track machine logged as functioning normally during the latest periodic check.,Low,Low,11,Normal
EOMT,Unsafe material train loading condition reported at the yard; immediate corrective action required.,High,Low,-3,Critical
ETMR,Track surface slightly uneven per latest patrol; can be addressed in the coming days.,Medium,High,7,Urgent
SSIG,Signal equipment check completed as part of the regular inspection cycle.,Low,High,9,Moderate
TREP,Standard electrical equipment check completed under periodic maintenance.,Medium,High,10,Moderate
STEL,Telecom equipment check completed under the regular maintenance schedule.,Medium,Medium,6,Moderate
TREP,Electrical equipment servicing logged as completed under the regular schedule.,Medium,Low,12,Normal
STEL,Telecom system failure has cut off communication with the field; immediate restoration required.,Medium,High,-1,Critical
SREP,Signalling relay malfunction detected; urgent repair needed to avoid service impact.,Medium,Medium,1,Urgent
ERRL,Routine rail renewal as part of periodic asset lifecycle replacement.,Low,High,8,Moderate
TREP,Electrical switchgear fault reported affecting power reliability; urgent repair recommended.,Medium,High,1,Critical
ETMR,Slight track unevenness observed on routine patrol; repair can be planned within the week.,Medium,High,3,Urgent
SREP,Signalling equipment check completed under the regular maintenance cycle.,Low,Low,13,Normal
OTHR,Urgent miscellaneous fault reported with significant safety implications; immediate action required.,Medium,Low,-5,Urgent
SSIG,Routine signal maintenance as per periodic inspection calendar.,Medium,Medium,9,Moderate
STEL,Total loss of telecom connectivity on the section disrupting coordination; immediate restoration necessary.,High,Low,0,Critical
TPWR,Traction power supply fluctuation affecting multiple sections; requires urgent attention.,Medium,Low,1,Urgent
OTHR,General maintenance check completed under the regular schedule.,Medium,Medium,6,Moderate
TOHE,OHE inspection completed as part of the regular maintenance programme.,Low,Medium,6,Moderate
ETMR,Standard track upkeep carried out as part of regular maintenance cycle.,Medium,Low,11,Normal
TREP,Minor electrical fault noted during inspection; repair can be planned within the week.,Low,Medium,1,Moderate
ETMR,Track surface slightly uneven per latest patrol; can be addressed in the coming days.,Low,Medium,4,Moderate
SSIG,Signal aspect malfunction posing safety risk to train movement; immediate correction required.,Medium,Low,-2,Urgent
ERRL,Rail section nearing renewal threshold as per condition monitoring; can be addressed in the coming days.,Medium,Medium,2,Urgent
EOMT,Material train stopped unsafely on the running line due to a mechanical issue; immediate clearance required.,High,Medium,-2,Critical
SSIG,Routine signal maintenance as per periodic inspection calendar.,Low,Medium,4,Moderate
ETMR,Severe track misalignment detected posing derailment risk; immediate correction needed.,High,Medium,-4,Critical
TREP,Critical electrical panel failure at the substation risking traction power outage; immediate repair needed.,Medium,High,-5,Critical
OTHR,Standard general maintenance check completed with no issues found.,Medium,High,5,Urgent
TPWR,Sudden traction power failure has halted electric train operations; immediate restoration required.,High,Low,-3,Critical
TOHE,OHE inspection completed as part of the regular maintenance programme.,Medium,Low,13,Normal
EOMT,Material train logistics reviewed as part of routine planning; no issues found.,Medium,Medium,14,Moderate
ERRL,Scheduled rail replacement under normal asset renewal programme.,Low,Low,4,Normal
ETMW,"Scheduled track machine servicing due; minor calibration drift observed, can be addressed in the coming days.",Medium,Medium,2,Urgent
SREP,Routine signalling equipment upkeep as per periodic schedule.,Low,High,10,Moderate
TREP,Electrical equipment fault at the substation has caused a loss of supply; immediate repair required.,High,Medium,-4,Critical
OTHR,Unclassified critical infrastructure issue reported requiring immediate attention.,Medium,Low,-4,Urgent
ETMW,Periodic track machine inspection completed as scheduled; equipment functioning normally.,Medium,Low,5,Moderate
TOHE,Routine OHE cleaning and inspection as per periodic schedule.,Low,Medium,5,Moderate
ERRL,Rail segment renewed as part of the standard asset lifecycle programme.,Low,Low,5,Normal
ETMW,Track machine performance slightly below standard; servicing can be planned within the week.,Low,High,1,Urgent
ETMR,Track maintenance logged as completed under the regular upkeep cycle.,Medium,Medium,6,Moderate
ETMW,Routine preventive check of track machine as per maintenance calendar; no anomalies reported.,Low,Medium,14,Normal
SREP,Signalling equipment check completed under the regular maintenance cycle.,Medium,Low,12,Normal
SSIG,Signal equipment check completed as part of the regular inspection cycle.,Medium,High,8,Moderate
EOMT,Material train unloading slightly behind schedule; can be resolved in the coming days.,Medium,Medium,7,Moderate
TREP,Routine electrical equipment servicing as per maintenance schedule.,Low,Low,6,Normal
OTHR,Routine miscellaneous upkeep task as per maintenance calendar.,Low,Medium,11,Normal
STEL,Routine telecom equipment testing as per maintenance calendar.,Medium,Low,11,Normal
ERRL,Scheduled rail replacement under normal asset renewal programme.,Low,High,10,Moderate
EOMT,Standard material train scheduling update for periodic track renewal work.,Low,Low,6,Normal
SSIG,Signal equipment check completed as part of the regular inspection cycle.,Low,Low,8,Normal
TPWR,Sudden traction power failure has halted electric train operations; immediate restoration required.,Medium,High,0,Critical
SSIG,Slight signal timing deviation observed; can be corrected within the week.,Medium,Low,4,Moderate
ERRL,Rail crack found extending across the running surface; immediate replacement required to prevent failure.,Medium,High,0,Critical
STEL,Standard telecom equipment check completed under periodic maintenance.,Low,Low,3,Normal
ERRL,Rail segment renewed as part of the standard asset lifecycle programme.,Low,Medium,14,Normal
EOMT,Material train unloading slightly behind schedule; can be resolved in the coming days.,Medium,High,2,Urgent
OTHR,General maintenance check completed under the regular schedule.,Low,Low,11,Normal
TREP,Electrical equipment servicing logged as completed under the regular schedule.,Medium,Medium,9,Moderate
TREP,Standard electrical equipment check completed under periodic maintenance.,Medium,Low,6,Moderate
STEL,Routine telecom equipment testing as per maintenance calendar.,Low,Low,12,Normal
EOMT,Material train stopped unsafely on the running line due to a mechanical issue; immediate clearance required.,Medium,Low,-2,Urgent
OTHR,Unclassified critical infrastructure issue reported requiring immediate attention.,Medium,Medium,-3,Critical
ETMR,Severe track misalignment detected posing derailment risk; immediate correction needed.,Medium,Medium,-1,Critical
STEL,Communication equipment fault causing intermittent signal loss; urgent repair recommended.,Medium,High,2,Critical
TPWR,Traction power system logged as normal during the latest periodic check.,Low,High,14,Moderate
OTHR,Standard general maintenance check completed with no issues found.,Low,Medium,10,Normal
TREP,Critical electrical panel failure at the substation risking traction power outage; immediate repair needed.,Medium,High,0,Critical
ETMW,Track machine logged as functioning normally during the latest periodic check.,Low,Low,14,Normal
TREP,Minor electrical fault noted during inspection; repair can be planned within the week.,Medium,Low,5,Moderate
SSIG,Signal equipment showing minor irregularities during routine check; can be addressed in the coming days.,Medium,High,6,Urgent
TPWR,Traction power parameters slightly outside normal range; can be corrected within the week.,Medium,High,5,Urgent
SREP,Signalling equipment condition slightly below standard; can be addressed in the coming days.,Medium,Medium,4,Urgent
TREP,Electrical equipment fault at the substation has caused a loss of supply; immediate repair required.,Medium,Low,0,Urgent
SREP,Signalling equipment fault detected affecting reliability; urgent repair recommended.,Medium,Medium,1,Urgent
TPWR,Routine traction power system inspection as per maintenance calendar.,Low,Low,3,Normal
SREP,Point machine failure at a critical junction affecting train safety; immediate repair required.,High,High,-3,Critical
SSIG,Signal system fault has disrupted safe train working; immediate rectification required.,High,Medium,-1,Critical
ETMW,Periodic track machine inspection completed as scheduled; equipment functioning normally.,Low,Low,8,Normal
SREP,Signalling equipment fault at a key location is affecting safe train working; immediate repair required.,Medium,Low,-3,Urgent
SREP,Signalling equipment failure detected at a key interlocking point; immediate repair necessary for safe operations.,High,High,0,Critical
SREP,Signalling equipment fault at a key location is affecting safe train working; immediate repair required.,Medium,High,0,Critical
STEL,Telecom equipment condition slightly below standard; can be addressed in the coming days.,Low,Low,4,Moderate
ETMR,Standard track upkeep carried out as part of regular maintenance cycle.,Low,Low,6,Normal
SREP,Signalling equipment failure detected at a key interlocking point; immediate repair necessary for safe operations.,High,Low,-2,Critical
EOMT,Material train scheduling clash is delaying track possession; needs urgent resolution.,Medium,High,1,Critical
SSIG,Signal equipment check completed as part of the regular inspection cycle.,Low,Low,7,Normal
STEL,Telecom equipment check completed under the regular maintenance schedule.,Low,High,12,Moderate
SREP,Signalling equipment fault at a key location is affecting safe train working; immediate repair required.,High,High,-4,Critical
TOHE,OHE conductor damage found posing an immediate safety hazard; urgent maintenance required.,Medium,Medium,-1,Critical
ETMW,"Track machine fault occurred while occupying the running line, creating an unsafe condition for oncoming trains; immediate action required.",Medium,High,-5,Critical
TPWR,Traction power equipment showing slight deviation from standard; can be addressed in the coming days.,Medium,Low,2,Moderate
SSIG,Signal failure at the junction causing manual working; immediate rectification required to restore safe operations.,Medium,Medium,-1,Critical
TREP,Electrical equipment servicing logged as completed under the regular schedule.,Medium,Low,11,Normal
ETMR,Track geometry deviation beyond permissible limits found during inspection; urgent repair needed.,High,High,1,Critical
TOHE,OHE alignment issue detected affecting current collection; urgent maintenance recommended.,Medium,Low,2,Urgent
ETMW,Track machine logged as functioning normally during the latest periodic check.,Low,Medium,11,Normal
ETMR,Routine track patrol maintenance as per periodic schedule.,Low,Medium,14,Normal
TREP,Electrical equipment malfunction causing intermittent traction supply issues; urgent repair required.,High,Medium,1,Critical
ERRL,Rail corrugation exceeding safe limits detected on the section; replacement recommended urgently.,High,High,1,Critical
ERRL,Routine rail renewal as part of periodic asset lifecycle replacement.,Low,Low,3,Normal
SSIG,Signal system fault has disrupted safe train working; immediate rectification required.,Medium,High,-4,Critical
SREP,Routine signalling equipment upkeep as per periodic schedule.,Low,High,14,Moderate
ETMR,Slight track unevenness observed on routine patrol; repair can be planned within the week.,Low,Medium,5,Moderate
SREP,Signalling equipment check completed under the regular maintenance cycle.,Low,High,6,Moderate
ETMW,Periodic track machine inspection completed as scheduled; equipment functioning normally.,Low,Low,4,Normal
SSIG,Slight signal timing deviation observed; can be corrected within the week.,Low,High,1,Urgent
TOHE,Standard OHE upkeep carried out under regular maintenance programme.,Medium,Medium,11,Moderate
EOMT,"Material train loading operation delayed, blocking siding access; needs prompt resolution.",Medium,Low,1,Urgent
ETMW,Routine preventive check of track machine as per maintenance calendar; no anomalies reported.,Medium,Medium,6,Moderate
TPWR,Periodic traction power equipment check completed with no issues found.,Low,Medium,11,Normal
SREP,Standard signalling equipment check completed under regular maintenance.,Medium,Low,13,Normal
SREP,Signalling equipment condition slightly below standard; can be addressed in the coming days.,Medium,High,3,Urgent
ETMR,Track surface slightly uneven per latest patrol; can be addressed in the coming days.,Medium,High,0,Urgent
ETMR,Track maintenance logged as completed under the regular upkeep cycle.,Low,Low,13,Normal
TPWR,Traction power supply fluctuation affecting multiple sections; requires urgent attention.,High,Low,1,Urgent
STEL,Telecom equipment performance degradation noted; can be addressed in the coming days.,Medium,High,0,Urgent
ETMR,Track surface slightly uneven per latest patrol; can be addressed in the coming days.,Medium,High,3,Urgent
TOHE,OHE component showing early degradation signs; can be addressed in the coming days.,Medium,High,7,Urgent
SSIG,Signal failure at the junction causing manual working; immediate rectification required to restore safe operations.,Medium,High,0,Critical
ERRL,Severe rail fracture detected on the running line; immediate replacement required to prevent derailment.,High,Low,-4,Critical
ETMR,Track buckling reported due to extreme heat; immediate repair required for safe train passage.,Medium,High,-1,Critical
ERRL,Rail segment renewed as part of the standard asset lifecycle programme.,Medium,Medium,6,Moderate
SREP,Routine signalling equipment upkeep as per periodic schedule.,Low,Medium,14,Normal
ETMR,Routine track patrol maintenance as per periodic schedule.,Medium,Low,13,Normal
TPWR,Routine traction power system inspection as per maintenance calendar.,Low,Low,10,Normal
ETMW,Track machine calibration slightly off standard; can be addressed in the coming days.,Low,Low,4,Moderate
SREP,Signalling equipment fault detected affecting reliability; urgent repair recommended.,High,Low,1,Urgent
TPWR,Periodic traction power equipment check completed with no issues found.,Low,Low,5,Normal
TOHE,OHE insulator failure causing sparking incidents; immediate maintenance required to avoid service disruption.,Medium,Medium,-3,Critical
OTHR,Unclassified infrastructure fault poses an immediate safety concern; urgent action required.,High,Medium,-3,Critical
OTHR,Routine miscellaneous upkeep task as per maintenance calendar.,Low,Low,13,Normal
ETMR,Minor track geometry deviation noted during inspection; can be addressed in the coming days.,Medium,Low,0,Moderate
OTHR,Minor miscellaneous issue noted during inspection; can be addressed within the week.,Low,High,0,Urgent
TOHE,Routine OHE cleaning and inspection as per periodic schedule.,Medium,Low,10,Normal
TOHE,Routine OHE cleaning and inspection as per periodic schedule.,Low,Low,8,Normal
SSIG,Routine signal maintenance as per periodic inspection calendar.,Low,Low,8,Normal
ETMW,Track machine logged as functioning normally during the latest periodic check.,Medium,High,13,Moderate
ERRL,Rail segment renewed as part of the standard asset lifecycle programme.,Medium,Medium,3,Moderate
SREP,Signalling equipment condition slightly below standard; can be addressed in the coming days.,Low,Medium,1,Moderate
SSIG,Standard signal equipment check completed with no issues found.,Medium,Low,10,Normal
STEL,Telecom equipment performance degradation noted; can be addressed in the coming days.,Low,High,5,Urgent
SSIG,Signal aspect malfunction posing safety risk to train movement; immediate correction required.,Medium,Low,-4,Urgent
TREP,Routine electrical equipment servicing as per maintenance schedule.,Medium,Low,11,Normal
TREP,Critical electrical panel failure at the substation risking traction power outage; immediate repair needed.,High,Medium,-4,Critical
TPWR,Routine traction power system inspection as per maintenance calendar.,Low,Medium,9,Moderate
EOMT,Routine material train logistics coordination for upcoming ballast supply.,Low,Low,3,Normal
TREP,Routine electrical equipment servicing as per maintenance schedule.,Low,Low,11,Normal
ETMR,Routine track patrol maintenance as per periodic schedule.,Low,Low,11,Normal
SREP,Signalling equipment check completed under the regular maintenance cycle.,Low,Low,10,Normal
ERRL,Rail condition monitored as slightly below standard; renewal can be addressed in the coming days.,Medium,Medium,2,Urgent
TREP,Electrical equipment servicing logged as completed under the regular schedule.,Low,Low,5,Normal
ERRL,Scheduled rail replacement under normal asset renewal programme.,Medium,High,4,Urgent
SSIG,Intermittent signal aspect faults reported; urgent maintenance needed to prevent failure.,High,Medium,1,Critical
OTHR,General maintenance item requiring attention in the coming days.,Medium,Medium,7,Moderate
SREP,Signalling equipment failure detected at a key interlocking point; immediate repair necessary for safe operations.,Medium,High,-4,Critical
SREP,Signalling equipment condition slightly below standard; can be addressed in the coming days.,Medium,High,6,Urgent
OTHR,Standard general maintenance check completed with no issues found.,Low,Low,10,Normal
TOHE,OHE inspection completed as part of the regular maintenance programme.,Low,High,11,Moderate
EOMT,Routine material train logistics coordination for upcoming ballast supply.,Low,Medium,4,Moderate
ERRL,Rail condition monitored as slightly below standard; renewal can be addressed in the coming days.,Medium,High,5,Urgent
ERRL,Severe rail fracture detected on the running line; immediate replacement required to prevent derailment.,Medium,Low,-2,Urgent
ETMR,Track surface slightly uneven per latest patrol; can be addressed in the coming days.,Medium,High,2,Urgent
TREP,Standard electrical equipment check completed under periodic maintenance.,Medium,High,3,Urgent
EOMT,Material train movement scheduling conflict with regular traffic; can be resolved in the coming days.,Low,Low,4,Moderate
ERRL,Rail crack found extending across the running surface; immediate replacement required to prevent failure.,Medium,High,-1,Critical
TREP,Standard electrical equipment check completed under periodic maintenance.,Medium,Low,12,Normal
TOHE,Routine OHE cleaning and inspection as per periodic schedule.,Low,Low,13,Normal
TPWR,Routine traction power system inspection as per maintenance calendar.,Medium,High,4,Urgent
STEL,Telecom system failure has cut off communication with the field; immediate restoration required.,Medium,Low,-5,Urgent
OTHR,Unclassified infrastructure fault poses an immediate safety concern; urgent action required.,High,Medium,0,Critical
ETMR,Severe track misalignment detected posing derailment risk; immediate correction needed.,High,High,-3,Critical
ETMW,Track machine breakdown during possession has left the rail section unsafe for train movement; immediate rectification required.,Medium,Medium,-5,Critical
SSIG,Signal equipment showing minor irregularities during routine check; can be addressed in the coming days.,Medium,Low,7,Moderate
TPWR,Traction power system fault has left the section without power supply; immediate restoration required.,Medium,High,0,Critical
TPWR,Traction power system logged as normal during the latest periodic check.,Low,Low,7,Normal
TPWR,Routine traction power system inspection as per maintenance calendar.,Low,Medium,12,Normal
EOMT,Material train unloading slightly behind schedule; can be resolved in the coming days.,Low,High,4,Urgent
OTHR,Urgent miscellaneous fault reported with significant safety implications; immediate action required.,Medium,Low,-4,Urgent
SSIG,Signal equipment check completed as part of the regular inspection cycle.,Medium,Low,6,Moderate
TREP,Standard electrical equipment check completed under periodic maintenance.,Low,Low,8,Normal
ETMR,Slight track unevenness observed on routine patrol; repair can be planned within the week.,Low,Medium,2,Moderate
ERRL,Rail condition monitored as slightly below standard; renewal can be addressed in the coming days.,Low,Low,7,Moderate
TOHE,Routine OHE cleaning and inspection as per periodic schedule.,Low,Low,5,Normal
ETMR,Track geometry failure detected posing an immediate derailment risk; urgent repair required.,High,Medium,-4,Critical
OTHR,Routine miscellaneous upkeep task as per maintenance calendar.,Medium,Medium,12,Moderate
TPWR,Routine traction power system inspection as per maintenance calendar.,Low,High,12,Moderate
SREP,Signalling equipment failure detected at a key interlocking point; immediate repair necessary for safe operations.,High,Medium,-3,Critical
EOMT,Standard material train scheduling update for periodic track renewal work.,Low,Low,12,Normal
EOMT,Routine material train logistics coordination for upcoming ballast supply.,Medium,Low,4,Moderate
ETMR,Track geometry failure detected posing an immediate derailment risk; urgent repair required.,High,Low,0,Critical
OTHR,Unclassified critical infrastructure issue reported requiring immediate attention.,Medium,Medium,-5,Critical
SREP,Signalling equipment condition slightly below standard; can be addressed in the coming days.,Low,High,0,Urgent
TREP,Electrical equipment malfunction causing intermittent traction supply issues; urgent repair required.,Medium,Low,1,Urgent
STEL,Telecom equipment condition slightly below standard; can be addressed in the coming days.,Medium,Low,7,Moderate
SSIG,Routine signal maintenance as per periodic inspection calendar.,Low,High,3,Moderate
SREP,Signalling equipment showing wear during inspection; can be addressed in the coming days.,Low,High,0,Urgent
ERRL,Rail condition monitored as slightly below standard; renewal can be addressed in the coming days.,Medium,High,4,Urgent
TREP,Electrical equipment fault at the substation has caused a loss of supply; immediate repair required.,Medium,Medium,0,Critical
ERRL,Rail section nearing renewal threshold as per condition monitoring; can be addressed in the coming days.,Low,High,1,Urgent
TPWR,Traction power system logged as normal during the latest periodic check.,Medium,Low,12,Normal
STEL,Telecom equipment check completed under the regular maintenance schedule.,Low,Low,14,Normal
SSIG,Intermittent signal aspect faults reported; urgent maintenance needed to prevent failure.,Medium,High,2,Critical
ERRL,Scheduled rail replacement under normal asset renewal programme.,Low,Low,12,Normal
EOMT,Material train stopped unsafely on the running line due to a mechanical issue; immediate clearance required.,High,High,-3,Critical
ETMR,Standard track upkeep carried out as part of regular maintenance cycle.,Low,High,6,Moderate
SREP,Standard signalling equipment check completed under regular maintenance.,Medium,High,4,Urgent
SREP,Routine signalling equipment upkeep as per periodic schedule.,Medium,High,7,Moderate
SSIG,Signal equipment showing minor irregularities during routine check; can be addressed in the coming days.,Medium,High,3,Urgent
STEL,Telecom equipment condition slightly below standard; can be addressed in the coming days.,Medium,Medium,3,Urgent
SSIG,Routine signal maintenance as per periodic inspection calendar.,Medium,Low,4,Moderate
TOHE,OHE contact wire severely worn and at risk of snapping; immediate maintenance necessary.,Medium,Low,-1,Urgent
STEL,Standard telecom equipment check completed under periodic maintenance.,Medium,Low,9,Moderate
EOMT,Routine material train logistics coordination for upcoming ballast supply.,Low,Medium,7,Moderate
TPWR,Traction power system fault has left the section without power supply; immediate restoration required.,Medium,High,-2,Critical
TREP,Critical electrical panel failure at the substation risking traction power outage; immediate repair needed.,Medium,Low,-3,Urgent
ETMW,Track machine performance slightly below standard; servicing can be planned within the week.,Medium,High,3,Urgent
TOHE,OHE inspection completed as part of the regular maintenance programme.,Low,Low,4,Normal
SREP,Standard signalling equipment check completed under regular maintenance.,Medium,Medium,3,Moderate
ETMR,Slight track unevenness observed on routine patrol; repair can be planned within the week.,Low,High,2,Urgent
OTHR,Miscellaneous maintenance issue with significant operational impact identified.,High,Low,1,Urgent
STEL,Telecom equipment showing frequent connectivity drops affecting coordination; urgent attention needed.,Medium,Low,2,Urgent
EOMT,Minor delay in material train unloading noted; can be adjusted within the week.,Medium,Low,0,Moderate
ETMW,"Track machine fault occurred while occupying the running line, creating an unsafe condition for oncoming trains; immediate action required.",Medium,Medium,0,Critical
TOHE,OHE tension irregularity detected on the corridor; needs prompt corrective maintenance.,Medium,Medium,1,Urgent
STEL,Telecom equipment check completed under the regular maintenance schedule.,Low,Medium,13,Normal
STEL,Minor telecom connectivity issue observed during inspection; can be resolved within the week.,Medium,High,7,Urgent
TOHE,OHE component showing early degradation signs; can be addressed in the coming days.,Medium,Medium,3,Urgent
TOHE,OHE contact wire severely worn and at risk of snapping; immediate maintenance necessary.,High,Low,-5,Critical
SSIG,Signal equipment check completed as part of the regular inspection cycle.,Low,Low,4,Normal
TPWR,Traction power parameters slightly outside normal range; can be corrected within the week.,Medium,Medium,5,Urgent
ETMW,Recurring track machine faults are affecting the maintenance schedule and need urgent correction.,High,Low,1,Urgent
SREP,Routine signalling equipment upkeep as per periodic schedule.,Low,Low,9,Normal
STEL,Total loss of telecom connectivity on the section disrupting coordination; immediate restoration necessary.,High,Low,-5,Critical
SREP,Signalling equipment failure detected at a key interlocking point; immediate repair necessary for safe operations.,High,High,-2,Critical
SSIG,Signal equipment check completed as part of the regular inspection cycle.,Medium,Low,14,Normal
EOMT,Material train unloading slightly behind schedule; can be resolved in the coming days.,Medium,High,5,Urgent
ETMR,Standard track upkeep carried out as part of regular maintenance cycle.,Low,High,10,Moderate
ETMW,Track machine logged as functioning normally during the latest periodic check.,Low,Medium,4,Moderate
SSIG,Signal failure at the junction causing manual working; immediate rectification required to restore safe operations.,High,Medium,-2,Critical
SSIG,Slight signal timing deviation observed; can be corrected within the week.,Low,Low,4,Moderate
SSIG,Signal failure at the junction causing manual working; immediate rectification required to restore safe operations.,Medium,High,-4,Critical
ERRL,Scheduled rail replacement under normal asset renewal programme.,Low,Medium,11,Normal
STEL,Minor telecom connectivity issue observed during inspection; can be resolved within the week.,Medium,Medium,6,Moderate
OTHR,Unclassified critical infrastructure issue reported requiring immediate attention.,Medium,Low,-1,Urgent
SREP,Standard signalling equipment check completed under regular maintenance.,Medium,High,10,Moderate
TPWR,"OHE wire snapped near the station yard, posing immediate electrocution and traffic hazard; urgent power block required.",Medium,High,-3,Critical
STEL,Routine telecom equipment testing as per maintenance calendar.,Medium,High,12,Moderate
TPWR,Periodic traction power equipment check completed with no issues found.,Low,High,7,Moderate
ETMR,Track maintenance logged as completed under the regular upkeep cycle.,Medium,Low,8,Moderate
EOMT,Routine material train logistics coordination for upcoming ballast supply.,Low,High,13,Moderate
OTHR,Urgent miscellaneous fault reported with significant safety implications; immediate action required.,High,High,-1,Critical
TREP,Electrical equipment fault at the substation has caused a loss of supply; immediate repair required.,High,Medium,-3,Critical
OTHR,General maintenance check completed under the regular schedule.,Low,Low,8,Normal
TREP,Electrical equipment fault is affecting supply reliability; urgent repair recommended.,High,Low,1,Urgent
ERRL,Rail segment renewed as part of the standard asset lifecycle programme.,Low,High,12,Moderate
ETMW,Periodic track machine inspection completed as scheduled; equipment functioning normally.,Medium,High,4,Urgent
TOHE,Routine OHE cleaning and inspection as per periodic schedule.,Medium,Medium,6,Moderate
TREP,Electrical equipment fault at the substation has caused a loss of supply; immediate repair required.,Medium,Medium,-3,Critical
STEL,Telecom equipment condition slightly below standard; can be addressed in the coming days.,Medium,Low,5,Moderate
ERRL,Rail wear pattern approaching the replacement limit; urgent renewal recommended.,Medium,Medium,1,Urgent
ETMR,Routine track patrol maintenance as per periodic schedule.,Low,Low,7,Normal
ETMR,Minor track geometry deviation noted during inspection; can be addressed in the coming days.,Medium,Medium,6,Moderate
TREP,Electrical equipment showing performance degradation; can be addressed in the coming days.,Low,High,0,Urgent
ETMR,Routine track patrol maintenance as per periodic schedule.,Medium,Low,10,Normal
STEL,Minor telecom connectivity issue observed during inspection; can be resolved within the week.,Medium,High,3,Urgent
OTHR,General maintenance item found slightly below standard; can be addressed in the coming days.,Low,Low,1,Moderate
TREP,Critical electrical panel failure at the substation risking traction power outage; immediate repair needed.,High,High,-5,Critical
ETMW,Track machine performance slightly below standard; servicing can be planned within the week.,Medium,Low,7,Moderate
SREP,Signalling equipment failure detected at a key interlocking point; immediate repair necessary for safe operations.,Medium,Medium,-5,Critical
SREP,Routine signalling equipment upkeep as per periodic schedule.,Low,Low,12,Normal
ETMW,Routine preventive check of track machine as per maintenance calendar; no anomalies reported.,Medium,High,13,Moderate
TPWR,Periodic traction power equipment check completed with no issues found.,Low,Low,8,Normal
ETMW,Routine preventive check of track machine as per maintenance calendar; no anomalies reported.,Low,Low,9,Normal
SSIG,Signal failure at the junction causing manual working; immediate rectification required to restore safe operations.,Medium,Medium,-5,Critical
ETMW,Sudden track machine failure mid-operation has blocked the line unsafely; urgent intervention needed to restore safe passage.,High,High,-4,Critical
EOMT,Standard material train scheduling update for periodic track renewal work.,Low,Low,11,Normal
TREP,Critical electrical panel failure at the substation risking traction power outage; immediate repair needed.,Medium,Medium,-3,Critical
OTHR,General maintenance item found slightly below standard; can be addressed in the coming days.,Medium,Medium,3,Urgent
STEL,Standard telecom equipment check completed under periodic maintenance.,Medium,Low,11,Normal
SREP,Point machine failure at a critical junction affecting train safety; immediate repair required.,Medium,Low,-3,Urgent
STEL,Complete communication link failure between control office and field staff; immediate restoration required.,Medium,Low,-1,Urgent
TPWR,Traction power parameters slightly outside normal range; can be corrected within the week.,Medium,Medium,2,Urgent
STEL,Routine telecom equipment testing as per maintenance calendar.,Medium,High,5,Urgent
OTHR,Unclassified critical infrastructure issue reported requiring immediate attention.,Medium,Low,-3,Urgent
ERRL,Rail crack found extending across the running surface; immediate replacement required to prevent failure.,Medium,Low,-1,Urgent
OTHR,General maintenance item requiring attention in the coming days.,Low,High,2,Urgent
SSIG,Signal equipment condition slightly below standard; can be addressed in the coming days.,Low,High,5,Urgent
OTHR,General maintenance check completed under the regular schedule.,Medium,Low,7,Moderate
SSIG,Intermittent signal aspect faults reported; urgent maintenance needed to prevent failure.,High,Medium,2,Critical
SREP,Standard signalling equipment check completed under regular maintenance.,Medium,Low,10,Normal
TPWR,Traction power system fault has left the section without power supply; immediate restoration required.,High,Medium,-4,Critical
ETMR,Slight track unevenness observed on routine patrol; repair can be planned within the week.,Medium,High,0,Urgent
SREP,Signalling equipment check completed under the regular maintenance cycle.,Low,Medium,14,Normal
ETMR,Track maintenance logged as completed under the regular upkeep cycle.,Medium,High,3,Urgent
OTHR,General maintenance item requiring attention in the coming days.,Medium,Medium,1,Urgent
ETMW,Track machine performance slightly below standard; servicing can be planned within the week.,Medium,Medium,1,Urgent
ETMR,Minor track geometry deviation noted during inspection; can be addressed in the coming days.,Low,Low,4,Moderate
SREP,Point machine failure at a critical junction affecting train safety; immediate repair required.,Medium,Medium,-1,Critical
SSIG,Routine signal maintenance as per periodic inspection calendar.,Low,High,14,Moderate
SREP,Point machine failure at a critical junction affecting train safety; immediate repair required.,Medium,High,0,Critical
OTHR,General maintenance item requiring attention in the coming days.,Medium,High,3,Urgent
SSIG,Signal equipment check completed as part of the regular inspection cycle.,Low,Low,3,Normal
TREP,Routine electrical equipment servicing as per maintenance schedule.,Medium,Medium,11,Moderate
STEL,Telecom system failure has cut off communication with the field; immediate restoration required.,High,Medium,-2,Critical
TOHE,OHE tension irregularity detected on the corridor; needs prompt corrective maintenance.,Medium,Medium,2,Urgent
OTHR,General maintenance item requiring attention in the coming days.,Low,High,4,Urgent
ETMR,Track surface slightly uneven per latest patrol; can be addressed in the coming days.,Low,High,2,Urgent
ERRL,Routine rail renewal as part of periodic asset lifecycle replacement.,Low,Low,13,Normal
SSIG,Signal system fault has disrupted safe train working; immediate rectification required.,High,Medium,-5,Critical
EOMT,Routine material train logistics coordination for upcoming ballast supply.,Medium,Medium,14,Moderate
EOMT,Minor delay in material train unloading noted; can be adjusted within the week.,Medium,Low,3,Moderate
SREP,Signalling equipment check completed under the regular maintenance cycle.,Medium,Low,11,Normal
TOHE,OHE component slightly below standard condition; can be addressed in the coming days.,Medium,Medium,6,Moderate
ERRL,Rail section nearing renewal threshold as per condition monitoring; can be addressed in the coming days.,Medium,High,6,Urgent
ERRL,Rail condition monitored as slightly below standard; renewal can be addressed in the coming days.,Medium,Medium,0,Urgent
ETMW,Track machine logged as functioning normally during the latest periodic check.,Low,Low,13,Normal
STEL,Routine telecom equipment testing as per maintenance calendar.,Low,Low,6,Normal
ETMR,Severe track misalignment detected posing derailment risk; immediate correction needed.,Medium,Low,0,Urgent
TPWR,Traction power system logged as normal during the latest periodic check.,Low,Low,11,Normal
ETMR,Track buckling reported due to extreme heat; immediate repair required for safe train passage.,Medium,Low,-3,Urgent
EOMT,Material train stopped unsafely on the running line due to a mechanical issue; immediate clearance required.,High,Low,-5,Critical
ERRL,Rail section nearing renewal threshold as per condition monitoring; can be addressed in the coming days.,Low,High,5,Urgent
TOHE,OHE contact wire severely worn and at risk of snapping; immediate maintenance necessary.,High,High,-3,Critical
TOHE,Routine OHE cleaning and inspection as per periodic schedule.,Low,High,3,Moderate
OTHR,Unclassified critical infrastructure issue reported requiring immediate attention.,High,Medium,-2,Critical
ETMR,Track maintenance logged as completed under the regular upkeep cycle.,Medium,Low,12,Normal
ETMR,Track surface slightly uneven per latest patrol; can be addressed in the coming days.,Medium,Low,6,Moderate
ERRL,Scheduled rail replacement under normal asset renewal programme.,Low,Low,14,Normal
ETMR,Track surface slightly uneven per latest patrol; can be addressed in the coming days.,Low,Medium,1,Moderate
OTHR,General maintenance item requiring attention in the coming days.,Medium,High,2,Urgent
STEL,Telecom equipment performance degradation noted; can be addressed in the coming days.,Low,High,1,Urgent
TPWR,Routine traction power system inspection as per maintenance calendar.,Medium,Low,9,Moderate
ETMR,Standard track upkeep carried out as part of regular maintenance cycle.,Medium,Low,12,Normal
EOMT,Material train movement scheduling conflict with regular traffic; can be resolved in the coming days.,Medium,Medium,3,Urgent
SSIG,Signal equipment check completed as part of the regular inspection cycle.,Medium,Medium,5,Moderate
EOMT,Routine material train logistics coordination for upcoming ballast supply.,Low,Low,5,Normal
ETMW,Track machine showing repeated operational faults affecting maintenance output; needs prompt repair.,High,Low,2,Urgent
ERRL,Rail segment renewed as part of the standard asset lifecycle programme.,Medium,Low,12,Normal
EOMT,Standard material train scheduling update for periodic track renewal work.,Low,High,9,Moderate
TOHE,Minor OHE wear detected during inspection; maintenance can be planned within the week.,Medium,High,7,Urgent
OTHR,Standard general maintenance check completed with no issues found.,Medium,Low,7,Moderate
OTHR,Urgent miscellaneous fault reported with significant safety implications; immediate action required.,Medium,Medium,-5,Critical
TOHE,OHE component showing early degradation signs; can be addressed in the coming days.,Medium,High,2,Urgent
STEL,Communication equipment fault causing intermittent signal loss; urgent repair recommended.,Medium,Low,1,Urgent
TOHE,Routine OHE cleaning and inspection as per periodic schedule.,Medium,Medium,14,Moderate
TOHE,OHE tension irregularity detected on the corridor; needs prompt corrective maintenance.,High,High,1,Critical
EOMT,Minor delay in material train unloading noted; can be adjusted within the week.,Low,Low,5,Moderate
SSIG,Signal failure at the junction causing manual working; immediate rectification required to restore safe operations.,High,Low,-4,Critical
ETMW,Periodic track machine inspection completed as scheduled; equipment functioning normally.,Medium,Medium,3,Moderate
SSIG,Routine signal maintenance as per periodic inspection calendar.,Medium,Medium,6,Moderate
TREP,Critical electrical panel failure at the substation risking traction power outage; immediate repair needed.,High,High,-3,Critical
TOHE,OHE component slightly below standard condition; can be addressed in the coming days.,Medium,High,4,Urgent
TREP,Major electrical fault detected in traction substation equipment; immediate repair required to prevent outage.,Medium,High,-3,Critical
ETMR,Track maintenance logged as completed under the regular upkeep cycle.,Low,Low,14,Normal
TREP,Electrical equipment showing minor performance dip; can be addressed in the coming days.,Low,Medium,3,Moderate
EOMT,Material train logistics reviewed as part of routine planning; no issues found.,Low,High,8,Moderate
EOMT,Material train stopped unsafely on the running line due to a mechanical issue; immediate clearance required.,High,Medium,-5,Critical
ETMR,Standard track upkeep carried out as part of regular maintenance cycle.,Low,Medium,13,Normal
SREP,Signalling equipment failure detected at a key interlocking point; immediate repair necessary for safe operations.,Medium,Low,0,Urgent
ERRL,Rail condition monitored as slightly below standard; renewal can be addressed in the coming days.,Medium,High,1,Urgent
TREP,Electrical switchgear fault reported affecting power reliability; urgent repair recommended.,High,Low,1,Urgent
OTHR,Unclassified infrastructure fault poses an immediate safety concern; urgent action required.,Medium,Low,-3,Urgent
ERRL,Scheduled rail replacement under normal asset renewal programme.,Low,Low,6,Normal
ETMW,Track machine performance slightly below standard; servicing can be planned within the week.,Medium,Medium,7,Moderate
ETMW,Track machine logged as functioning normally during the latest periodic check.,Low,Low,7,Normal
TPWR,Traction power parameters slightly outside normal range; can be corrected within the week.,Low,High,3,Urgent
TREP,Electrical equipment showing minor performance dip; can be addressed in the coming days.,Low,High,6,Moderate
ERRL,Severe rail fracture detected on the running line; immediate replacement required to prevent derailment.,Medium,Medium,0,Critical
TREP,Major electrical fault detected in traction substation equipment; immediate repair required to prevent outage.,High,Medium,-3,Critical
ERRL,Rail segment renewed as part of the standard asset lifecycle programme.,Low,Low,9,Normal
OTHR,Miscellaneous maintenance issue with significant operational impact identified.,High,Medium,2,Critical
TREP,Standard electrical equipment check completed under periodic maintenance.,Medium,Low,8,Moderate
SSIG,Signal equipment showing minor irregularities during routine check; can be addressed in the coming days.,Medium,Medium,0,Urgent
TOHE,Routine OHE cleaning and inspection as per periodic schedule.,Low,Low,3,Normal
EOMT,Routine material train logistics coordination for upcoming ballast supply.,Medium,Medium,13,Moderate
TREP,Routine electrical equipment servicing as per maintenance schedule.,Low,Medium,8,Moderate
STEL,Telecom equipment check completed under the regular maintenance schedule.,Medium,Low,11,Normal
TOHE,OHE component showing early degradation signs; can be addressed in the coming days.,Medium,Medium,0,Urgent
EOMT,Material train movement scheduling conflict with regular traffic; can be resolved in the coming days.,Low,Low,7,Moderate
ETMR,Severe track misalignment detected posing derailment risk; immediate correction needed.,Medium,Low,-4,Urgent
TPWR,Traction power system fault has left the section without power supply; immediate restoration required.,High,High,-4,Critical
SREP,Signalling equipment failure detected at a key interlocking point; immediate repair necessary for safe operations.,High,Low,-4,Critical